Timestamp,Symbol,Price,Volume,Source,Price_Normalized,Volume_Normalized,SMA_5,SMA_10,SMA_20,SMA_50,EMA_5,EMA_10,EMA_20,EMA_50,RSI_14,MACD,MACD_Signal,MACD_Hist,Price_Change,Price_Change_Pct,Return_1d,Return_3d,Return_5d,BB_Middle,BB_Std,BB_Upper,BB_Lower,BB_Width,BB_B,Volume_MA_14,Price_Volume_Ratio,Future_Return,Future_Return_Pct,Signal
2025-03-24 14:46:25.131,SOLUSDT,142.84,0.035,binance,0.11111111111104094,0.0008941877794336813,142.85,142.855,142.85750000000002,142.8552,142.84740720256815,142.85212667967895,142.85502481605565,142.8563071340061,0.0,-0.0024466494467105804,-4.923525227947228e-05,-0.002397414194431108,0.0,0.0,0.0,-0.013999720005608562,-0.013999720005608562,142.85750000000002,0.006386663736579609,142.87027332747317,142.84472667252686,0.00017882613755883174,-0.18502119110273885,2.5228571428571427,138.0096618357488,0.0,0.0,0
2025-03-24 14:46:25.133,SOLUSDT,142.84,0.037,binance,0.11111111111104094,0.0009483809781872376,142.846,142.853,142.8565,142.8548,142.84493813504542,142.84992182882823,142.8535938811932,142.85566763855488,0.0,-0.0033113226760974612,-0.0007016527370430701,-0.002609669939054391,0.0,0.0,0.0,-0.007000350017494217,-0.013999720005608562,142.8565,0.007451598203710865,142.87140319640744,142.84159680359258,0.00020864568860963408,-0.053572520582914326,2.521714285714286,137.74349083895854,0.0,0.0,0
2025-03-24 14:46:25.133,SOLUSDT,142.84,0.037,binance,0.11111111111104094,0.0009483809781872376,142.842,142.851,142.85550000000003,142.8544,142.84329209003027,142.84811785995038,142.85229922584148,142.85505322135666,0.0,-0.003951037341010988,-0.0013515296578366538,-0.002599507683174334,0.0,0.0,0.0,0.0,-0.013999720005608562,142.85550000000003,0.008255779474833417,142.8720115589497,142.83898844105036,0.00023116448368699273,0.03063184259964194,2.5217142857142854,137.74349083895854,0.0,0.0,0
2025-03-24 14:46:25.133,SOLUSDT,142.84,0.037,binance,0.11111111111104094,0.0009483809781872376,142.84,142.849,142.8545,142.854,142.84219472668684,142.84664188541393,142.85112787099945,142.85446289895052,0.0,-0.00440721222273055,-0.001962666170815433,-0.002444546051915117,0.0,0.0,0.0,0.0,-0.007000350017494217,142.8545,0.00887041208325314,142.8722408241665,142.8367591758335,0.00024837613328959363,0.09133803864165815,2.5217142857142854,137.74349083895854,-7.000840100801486e-05,-0.0070008401008014864,-1
2025-03-24 14:46:25.133,SOLUSDT,142.84,0.037,binance,0.11111111111104094,0.0009483809781872376,142.84,142.847,142.8535,142.85379999999998,142.84146315112457,142.84543426988412,142.8500680737614,142.85389572644266,0.0,-0.004714389554862919,-0.0025130108476249303,-0.0022013787072379886,0.0,0.0,0.0,0.0,0.0,142.8535,0.009333020044898074,142.87216604008978,142.8348339599102,0.0002613312252032126,0.13838071880649377,2.5217142857142854,137.74349083895854,-7.000840100801486e-05,-0.0070008401008014864,-1
2025-03-24 14:46:25.133,SOLUSDT,142.84,0.037,binance,0.11111111111104094,0.0009483809781872376,142.84,142.845,142.85250000000002,142.8536,142.84097543408305,142.8444462208143,142.84910920959365,142.85335079599392,0.0,-0.004901330318745067,-0.0029906747418489577,-0.0019106555768961097,0.0,0.0,0.0,0.0,0.0,142.85250000000002,0.009665456669620869,142.87183091333927,142.83316908666077,0.0002706415826008796,0.1766836677437466,0.5315,137.74349083895854,-7.000840100801486e-05,-0.0070008401008014864,-1
2025-03-24 14:46:25.133,SOLUSDT,142.84,0.037,binance,0.11111111111104094,0.0009483809781872376,142.84,142.843,142.85150000000002,142.8534,142.8406502893887,142.84363781702987,142.84824166582283,142.8528272353667,0.0,-0.004991938264026885,-0.0033909274462845434,-0.0016010108177423417,0.0,0.0,0.0,0.0,0.0,142.85150000000002,0.009880869341725084,142.87126173868347,142.83173826131656,0.0002766752702415661,0.20903369930603688,0.5315,137.74349083895854,-7.000840100801486e-05,-0.0070008401008014864,-1
2025-03-24 14:46:25.133,SOLUSDT,142.84,0.037,binance,0.11111111111104094,0.0009483809781872376,142.84,142.841,142.8505,142.8532,142.84043352625912,142.84297639575172,142.8474567452683,142.85232420652878,0.0,-0.005006039209575874,-0.0037139497989428097,-0.0012920894106330646,0.0,0.0,0.0,0.0,0.0,142.8505,0.009986833437394971,142.8704736668748,142.83052633312522,0.0002796443397088606,0.23715392206575633,0.5315,137.74349083895854,-7.000840100801486e-05,-0.0070008401008014864,-1
2025-03-24 14:46:25.133,SOLUSDT,142.84,0.037,binance,0.11111111111104094,0.0009483809781872376,142.84,142.84,142.8495,142.853,142.84028901750608,142.84243523288777,142.84674657905228,142.85184090431196,0.0,-0.004960038079076412,-0.003963167454969531,-0.0009968706241068812,0.0,0.0,0.0,0.0,0.0,142.8495,0.009986833437401525,142.8694736668748,142.82952633312522,0.000279646297323971,0.26218688186911926,0.5315,137.74349083895854,-7.000840100801486e-05,-0.0070008401008014864,-1
2025-03-24 14:46:25.133,SOLUSDT,142.84,0.037,binance,0.11111111111104094,0.0009483809781872376,142.84,142.84,142.8485,142.8528,142.8401926783374,142.8419924632718,142.84610404771396,142.85137655512324,0.0,-0.004867472656826521,-0.004144028495340929,-0.0007234441614855924,0.0,0.0,0.0,0.0,0.0,142.8485,0.009880869341743518,142.8682617386835,142.82873826131652,0.00027668108077417633,0.2849379516615745,0.24842857142857142,137.74349083895854,-7.000840100801486e-05,-0.0070008401008014864,-1
2025-03-24 14:46:25.133,SOLUSDT,142.84,0.037,binance,0.11111111111104094,0.0009483809781872376,142.84,142.84,142.84750000000003,142.85260000000002,142.84012845222492,142.84163019722237,142.84552270983644,142.85093041570664,0.0,-0.004739480116228378,-0.004263118819518419,-0.00047636129670995935,0.0,0.0,0.0,0.0,0.0,142.84750000000003,0.009665456669651781,142.86683091333933,142.82816908666072,0.0002706510556965004,0.30601020064652434,0.24842857142857142,137.74349083895854,-7.000840100801486e-05,-0.0070008401008014864,-1
2025-03-24 14:46:25.133,SOLUSDT,142.84,0.037,binance,0.11111111111104094,0.0009483809781872376,142.84,142.84,142.84650000000002,142.85219999999998,142.8400856348166,142.8413337977274,142.84499673747106,142.85050177195345,0.0,-0.004585189890804031,-0.004327533033775542,-0.0002576568570284892,0.0,0.0,0.0,0.0,0.0,142.84650000000002,0.009333020044944114,142.86516604008992,142.82783395991012,0.00026134403138889994,0.3258870127592069,0.24842857142857142,137.74349083895854,-7.000840100801486e-05,-0.0070008401008014864,-1
2025-03-24 14:46:25.133,SOLUSDT,142.84,0.037,binance,0.11111111111104094,0.0009483809781872376,142.84,142.84,142.8455,142.852,142.84005708987775,142.8410912890497,142.84452085771193,142.85008993775918,0.0,-0.004412054359306694,-0.004344437298881773,-6.7617060424921e-05,0.0,0.0,0.0,0.0,0.0,142.8455,0.008870412083314735,142.8632408241666,142.82775917583336,0.00024839178226297384,0.3449902905206849,0.03678571428571429,137.74349083895854,-7.000840100801486e-05,-0.0070008401008014864,-1
2025-03-24 14:46:25.676,SOLUSDT,142.83,0.071,binance,0.0,0.0018696653569976968,142.83800000000002,142.839,142.83950000000002,142.8504,142.8366700080038,142.83844966628018,142.8412912993847,142.84723336928798,0.0,-0.003854155459322328,-0.0038135549774899837,-4.0600481832344434e-05,-0.009999999999990905,-0.0070008401008014864,-0.0070008401008014864,-0.0070008401008014864,-0.0070008401008014864,142.83950000000002,0.0022360679778970116,142.84397213595582,142.8350278640442,6.261763665944222e-05,-0.5621322891206582,0.03807142857142857,133.36134453781514,0.0,0.0,0
2025-03-24 14:46:25.676,SOLUSDT,142.83,0.319,binance,0.0,0.008589622002438695,142.836,142.83800000000002,142.839,142.85,142.83444667200254,142.83691336332015,142.84021593753855,142.8465575508845,0.0,-0.0042874122360956335,-0.003908326429211114,-0.00037908580688451963,0.0,0.0,0.0,-0.0070008401008014864,-0.0070008401008014864,142.839,0.003077935056547166,142.8451558701131,142.8328441298869,8.619312811073742e-05,-0.23100957578902173,0.05821428571428571,108.28658074298713,0.0,0.0,0
2025-03-24 14:46:26.390,SOLUSDT,142.83,0.037,binance,0.0,0.0009483809781872376,142.834,142.83700000000002,142.8385,142.8496,142.8329644480017,142.83565638817103,142.83924299110632,142.84590823516353,0.0,-0.004577999030004776,-0.004042260949369846,-0.0005357380806349293,0.0,0.0,0.0,-0.0070008401008014864,-0.0070008401008014864,142.8385,0.0036634754855738405,142.84582695097114,142.83117304902888,0.00010259070168244252,-0.08005028513809279,0.05821428571428571,137.73384763741564,0.0,0.0,0
2025-03-24 14:46:26.390,SOLUSDT,142.83,0.037,binance,0.0,0.0009483809781872376,142.83200000000002,142.836,142.83800000000002,142.84920000000002,142.8319762986678,142.83462795395812,142.83836270623905,142.84528438280418,0.0,-0.004753495816913755,-0.004184507922878628,-0.0005689878940351271,0.0,0.0,0.0,0.0,-0.0070008401008014864,142.83800000000002,0.004103913408565056,142.84620782681716,142.82979217318288,0.00011492497538668273,0.012660282786284267,0.05821428571428572,137.73384763741564,0.0,0.0,0
2025-03-24 14:46:26.390,SOLUSDT,142.83,0.046,binance,0.0,0.0011922503725782416,142.83,142.835,142.8375,142.8486,142.8313175324452,142.8337865077839,142.83756625802582,142.84468499524323,0.0,-0.004836822407042973,-0.004314970819711497,-0.0005218515873314762,0.0,0.0,0.0,0.0,-0.0070008401008014864,142.8375,0.004442616583400478,142.8463852331668,142.8286147668332,0.00012441037076129017,0.07795142461705216,0.058857142857142865,136.54875717017208,7.001330252731641e-05,0.007001330252731641,1
2025-03-24 14:46:26.390,SOLUSDT,142.83,0.037,binance,0.0,0.0009483809781872376,142.83,142.834,142.83700000000002,142.84820000000002,142.8308783549635,142.83309805182319,142.83684566202336,142.84410911307683,0.0,-0.004846986289265942,-0.004421373913622386,-0.0004256123756435559,0.0,0.0,0.0,0.0,0.0,142.83700000000002,0.004701623460012547,142.84640324692003,142.82759675308,0.00013166402150725396,0.1277881427794503,0.05885714285714285,137.73384763741564,7.001330252731641e-05,0.007001330252731641,1
2025-03-24 14:46:26.390,SOLUSDT,142.83,0.037,binance,0.0,0.0009483809781872376,142.83,142.83300000000003,142.8365,142.8476,142.83058556997565,142.83253476967352,142.83619369421163,142.8435558145248,0.0,-0.004799713133849082,-0.004497041757667726,-0.00030267137618135605,0.0,0.0,0.0,0.0,0.0,142.8365,0.0048936048494846035,142.84628720969897,142.82671279030103,0.0001370407381722515,0.16793395666835492,0.05885714285714285,137.73384763741564,7.001330252731641e-05,0.007001330252731641,1
2025-03-24 14:46:26.390,SOLUSDT,142.83,0.452,binance,0.0,0.012193469719550199,142.83,142.83200000000002,142.836,142.847,142.83039037998378,142.83207390246014,142.83560381857242,142.84302421395518,0.0,-0.004707978175815697,-0.00453922904129732,-0.00016874913451837663,0.0,0.0,0.0,0.0,0.0,142.836,0.005026246899682049,142.8460524937994,142.82594750620063,0.0001407557450415613,0.2015665903533637,0.08850000000000001,98.36776859504134,7.001330252731641e-05,0.007001330252731641,1
2025-03-24 14:46:26.390,SOLUSDT,142.83,0.037,binance,0.0,0.0009483809781872376,142.83,142.831,142.8355,142.84640000000002,142.83026025332254,142.83169682928556,142.83507012156554,142.84251346046673,0.0,-0.004582453884751203,-0.0045478740099880975,-3.457987476310556e-05,0.0,0.0,0.0,0.0,0.0,142.8355,0.005104177855517553,142.84570835571103,142.82529164428897,0.0001429386351576334,0.23061283542258187,0.08850000000000001,137.73384763741564,7.001330252731641e-05,0.007001330252731641,1
2025-03-24 14:46:26.390,SOLUSDT,142.83,0.037,binance,0.0,0.0009483809781872376,142.83,142.83,142.83499999999998,142.8458,142.83017350221502,142.83138831487,142.834587252845,142.84202273652687,0.0,-0.004431886945781116,-0.004524676597146702,9.278965136558584e-05,0.0,0.0,0.0,0.0,0.0,142.83499999999998,0.005129891760600212,142.8452597835212,142.82474021647877,0.0001436592364785466,0.2563301413898153,0.0885,137.73384763741564,7.001330252731641e-05,0.007001330252731641,1
2025-03-24 14:46:26.390,SOLUSDT,142.83,0.037,binance,0.0,0.0009483809781872376,142.83,142.83,142.83450000000002,142.8452,142.83011566814335,142.83113589398454,142.8341503716217,142.84155125666308,0.0,-0.004263415561183592,-0.00447242438995408,0.0002090088287704881,0.0,0.0,0.0,0.0,0.0,142.83450000000002,0.005104177855511838,142.84470835571105,142.824291644289,0.00014293963588669502,0.27959231989019095,0.08735714285714287,137.73384763741564,7.001330252731641e-05,0.007001330252731641,1
2025-03-24 14:46:26.390,SOLUSDT,142.83,0.037,binance,0.0,0.0009483809781872376,142.83,142.83,142.834,142.8446,142.83007711209558,142.83092936780554,142.8337550981339,142.8410982662057,0.0,-0.004082836378813681,-0.004394506787726,0.00031167040891231894,0.0,0.0,0.0,0.0,0.0,142.834,0.005026246899670442,142.84405249379935,142.82394750620065,0.00014075771594087967,0.30104439356881785,0.08735714285714287,137.73384763741564,7.001330252731641e-05,0.007001330252731641,1
2025-03-24 14:46:26.390,SOLUSDT,142.83,0.037,binance,0.0,0.0009483809781872376,142.83,142.83,142.83350000000002,142.844,142.83005140806372,142.8307603918409,142.83339746974022,142.84066304008,0.0,-0.0038948289125073643,-0.004294571212682273,0.00039974230017490904,0.0,0.0,0.0,0.0,0.0,142.83350000000002,0.004893604849466721,142.84328720969896,142.82371279030107,0.00013704361650371906,0.3211952074358405,0.08985714285714286,137.73384763741564,7.001330252731641e-05,0.007001330252731641,1
2025-03-24 14:46:26.390,SOLUSDT,142.83,0.037,binance,0.0,0.0009483809781872376,142.83,142.83,142.83300000000003,142.84340000000003,142.8300342720425,142.83062213877892,142.83307390119353,142.84024488164548,0.0,-0.0037031441008821275,-0.004176285790322244,0.0004731416894401168,0.0,0.0,0.0,0.0,0.0,142.83300000000003,0.0047016234599877305,142.84240324692001,142.82359675308004,0.00013166770872259764,0.3404806326186346,0.08985714285714286,137.73384763741564,7.001330252731641e-05,0.007001330252731641,1
2025-03-24 14:46:27.032,SOLUSDT,142.84,0.036,binance,0.11111111111104094,0.0009212843788104593,142.83200000000002,142.831,142.83050000000003,142.833,142.83333333791404,142.83182570815077,142.831292354119,142.83464106001452,100.0,-4.631454308423599e-05,-0.0010317973483076161,0.0009854828052233801,0.009999999999990905,0.007001330252731641,0.007001330252731641,0.007001330252731641,0.007001330252731641,142.83050000000003,0.0022360679777796064,142.83497213595558,142.82602786404448,6.26215823028331e-05,1.5621322891782319,3.3736428571428574,137.87644787644788,0.0,0.0,0
2025-03-24 14:46:27.032,SOLUSDT,142.84,0.053,binance,0.11111111111104094,0.001381926568215689,142.834,142.83200000000002,142.831,142.833,142.83555555860937,142.83331194303244,142.83212165372672,142.83485121452375,100.0,0.0006300343167708888,-0.0006994310152919152,0.001329465332062804,0.0,0.0,0.0,0.007001330252731641,0.007001330252731641,142.831,0.0030779350564759606,142.83715587011295,142.82484412988703,8.619795580739059e-05,1.2310095758082056,3.3748571428571426,135.650522317189,0.0,0.0,0
2025-03-24 14:46:27.032,SOLUSDT,142.84,0.037,binance,0.11111111111104094,0.0009483809781872376,142.836,142.83300000000003,142.8315,142.833,142.83703703907292,142.83452795339016,142.8328719724194,142.83505312767969,100.0,0.0011527573913667766,-0.00032899333396017687,0.0014817507253269534,0.0,0.0,0.0,0.007001330252731641,0.007001330252731641,142.8315,0.003663475485525959,142.83882695097105,142.82417304902896,0.00010259572952812955,1.080050285144843,3.250428571428572,137.74349083895854,0.0,0.0,0
2025-03-24 14:46:27.032,SOLUSDT,142.84,0.037,binance,0.11111111111104094,0.0009483809781872376,142.83800000000002,142.834,142.83200000000002,142.833,142.8380246927153,142.83552287095557,142.833550832189,142.83524712267263,100.0,0.0015491614254301567,4.663761791788985e-05,0.0015025238075122669,0.0,0.0,0.0,0.0,0.007001330252731641,142.83200000000002,0.0041039134085329755,142.84020782681708,142.82379217318297,0.00011492980308413001,0.9873397172170469,3.038785714285715,137.74349083895854,0.0,0.0,0
2025-03-24 14:46:27.032,SOLUSDT,142.84,0.894,binance,0.11111111111104094,0.024170166644086173,142.84,142.835,142.83250000000004,142.833,142.83868312847687,142.8363368944182,142.8341650386472,142.8354335100188,100.0,0.0018420801253284935,0.00040572611940001063,0.001436354005928483,0.0,0.0,0.0,0.0,0.007001330252731641,142.83250000000004,0.00444261658338362,142.84138523316682,142.82361476683326,0.00012441472587512603,0.9220485753826985,3.1,75.41710665258711,7.000840100812589e-05,0.007000840100812589,1
2025-03-24 14:46:27.391,SOLUSDT,142.84,0.036,binance,0.11111111111104094,0.0009212843788104593,142.84,142.83599999999998,142.83300000000003,142.833,142.83912208565124,142.8370029136149,142.83472074925223,142.83561258805727,100.0,0.002050582467120421,0.0007346973889440927,0.0013158850781763282,0.0,0.0,0.0,0.0,0.0,142.83300000000003,0.004701623460009026,142.84240324692004,142.82359675308,0.0001316677087229956,0.8722118572190384,3.0999285714285714,137.87644787644788,0.0,0.0,0
2025-03-24 14:46:27.391,SOLUSDT,142.84,0.037,binance,0.11111111111104094,0.0009483809781872376,142.84,142.83700000000002,142.83350000000002,142.833,142.8394147237675,142.83754783841218,142.83522353503773,142.8357846434276,100.0,0.0021905705415576904,0.0010258720194668124,0.001164698522090878,0.0,0.0,0.0,0.0,0.0,142.83350000000002,0.004893604849493142,142.843287209699,142.82371279030102,0.000137043616504515,0.8320660433306808,2.4430000000000005,137.74349083895854,0.0,0.0,0
2025-03-24 14:46:27.391,SOLUSDT,142.84,0.053,binance,0.11111111111104094,0.001381926568215689,142.84,142.83800000000002,142.834,142.833,142.839609815845,142.8379936859736,142.8356784364627,142.83594995152848,100.0,0.0022752840410191766,0.0012757544237772854,0.0009995296172418911,0.0,0.0,0.0,0.0,0.0,142.834,0.005026246899704323,142.8440524937994,142.8239475062006,0.0001407577159416756,0.7984334096457926,2.2325714285714287,135.650522317189,0.0,0.0,0
2025-03-24 14:46:27.391,SOLUSDT,142.84,0.037,binance,0.11111111111104094,0.0009483809781872376,142.84,142.839,142.8345,142.833,142.83973987723,142.83835847034203,142.83609001394245,142.83610877695872,100.0,0.0023157258534922676,0.001483748709720282,0.0008319771437719857,0.0,0.0,0.0,0.0,0.0,142.8345,0.005104177855553774,142.8447083557111,142.82429164428888,0.00014293963588788894,0.7693871645765601,2.2325714285714287,137.74349083895854,0.0,0.0,0
2025-03-24 14:46:27.391,SOLUSDT,142.84,2.436,binance,0.11111111111104094,0.06595312288307818,142.84,142.84,142.835,142.833,142.83982658482,142.83865693027983,142.836462393567,142.83626137394074,100.0,0.0023210209959927397,0.0016512031669747736,0.0006698178290179661,0.0,0.0,0.0,0.0,0.0,142.835,0.005129891760650467,142.8452597835213,142.82474021647872,0.00014365923647974047,0.7436698586095448,2.120857142857143,41.571594877764845,0.0,0.0,0
2025-03-24 14:46:27.391,SOLUSDT,142.84,4.0,binance,0.11111111111104094,0.10833220430835933,142.84,142.84,142.83550000000002,142.833,142.83988438988,142.8389011247744,142.83679930846537,142.83640798672738,100.0,0.0022987192301684445,0.001780706379613508,0.0005180128505549366,0.0,0.0,0.0,0.0,0.0,142.83550000000002,0.00510417785557872,142.8457083557112,142.82529164428885,0.00014293863515962317,0.7204076801053487,2.4027857142857143,28.568,0.0,0.0,0
2025-03-24 14:46:27.391,SOLUSDT,142.84,0.071,binance,0.11111111111104094,0.0018696653569976968,142.84,142.84,142.83599999999998,142.833,142.83992292658667,142.83910092026994,142.83710413623058,142.83654884999297,100.0,0.002255050106185763,0.001875575124927959,0.00037947498125780405,0.0,0.0,0.0,0.0,0.0,142.83599999999998,0.005026246899755771,142.8460524937995,142.82594750620046,0.00014075574504355114,0.6989556064292207,1.9830714285714284,133.37068160597573,0.0,0.0,0
2025-03-24 14:46:27.391,SOLUSDT,142.84,0.879,binance,0.11111111111104094,0.023763717653434498,142.84,142.84,142.8365,142.833,142.83994861772445,142.83926438931178,142.83737993278007,142.83668418920894,100.0,0.0021951378283517897,0.0019394876656127252,0.0002556501627390645,0.0,0.0,0.0,0.0,0.0,142.8365,0.004893604849572245,142.84628720969914,142.82671279030086,0.00013704073817463926,0.6788047925605248,0.6172857142857142,76.01915912719532,0.0,0.0,0
2025-03-24 14:46:27.391,SOLUSDT,142.84,0.037,binance,0.11111111111104094,0.0009483809781872376,142.84,142.84,142.83700000000002,142.833,142.83996574514964,142.83939813670963,142.8376294629915,142.83681422100466,100.0,0.0021231821938272333,0.001976226571255627,0.00014695562257160608,0.0,0.0,0.0,0.0,0.0,142.83700000000002,0.0047016234601181895,142.84640324692026,142.82759675307977,0.00013166402151043764,0.6595193673755148,0.6173571428571429,137.74349083895854,0.0,0.0,0
2025-03-24 14:46:27.458,SOLUSDT,142.85,0.049,binance,0.22222222222208188,0.0012735401707085763,142.842,142.84099999999998,142.839,142.83360000000002,142.84332318374805,142.8414885361843,142.83919668358263,142.8375666695839,100.0,0.0026639405575963337,0.002119063526411596,0.0005448770311847376,0.009999999999990905,0.007000840100812589,0.007000840100812589,0.007000840100812589,0.007000840100812589,142.839,0.00447213595537829,142.84794427191076,142.83005572808923,0.00012523571168607657,1.1149186937596354,1.7402857142857144,136.17731172545282,-7.000350017494217e-05,-0.007000350017494217,-1
2025-03-24 14:46:27.810,SOLUSDT,142.84,8.047,binance,0.11111111111104094,0.21799214198618078,142.842,142.841,142.8395,142.8338,142.84221545583205,142.8412178932417,142.8392731899081,142.8376620943061,50.0,0.002390353092891928,0.002173321439707663,0.00021703165318426526,-0.009999999999990905,-0.007000350017494217,-0.007000350017494217,0.0,0.0,142.8395,0.003940344628707946,142.8473806892574,142.83161931074258,0.00011034327699837984,0.5317231135301254,2.3124285714285713,15.788659224052171,0.0,0.0,0
2025-03-24 14:46:27.810,SOLUSDT,142.84,4.0,binance,0.11111111111104094,0.10833220430835933,142.842,142.841,142.84,142.834,142.8414769705547,142.84099645810684,142.83934240991687,142.83775377688232,50.0,0.002148763448559521,0.0021684098414780344,-1.9646392918513597e-05,0.0,0.0,0.0,0.0,0.0,142.84,0.0032444284231752363,142.84648885684635,142.83351114315366,9.085489843665535e-05,0.5,2.5342857142857143,28.568,0.0,0.0,0
2025-03-24 14:46:27.810,SOLUSDT,142.84,3.344,binance,0.11111111111104094,0.09055683511719281,142.842,142.841,142.8405,142.8342,142.84098464703646,142.84081528390558,142.83940503754383,142.8378418640634,50.0,0.0019349964799175723,0.002121727169165942,-0.00018673068924836972,0.0,0.0,0.0,-0.007000350017494217,0.0,142.8405,0.002236067978340913,142.84497213595668,142.8360278640433,6.261719829725144e-05,0.4440983005849483,2.7705714285714285,32.88213627992634,0.0,0.0,0
2025-03-24 14:46:27.810,SOLUSDT,142.84,0.037,binance,0.11111111111104094,0.0009483809781872376,142.842,142.841,142.8405,142.83440000000002,142.84065643135764,142.8406670504682,142.8394617006349,142.83792649684523,50.0,0.001745463994751617,0.002046474534283077,-0.00030101053953145987,0.0,0.0,0.0,0.0,0.0,142.8405,0.002236067978340913,142.84497213595668,142.8360278640433,6.261719829725144e-05,0.4440983005849483,2.7705714285714285,137.74349083895854,0.0,0.0,0
2025-03-24 14:46:27.810,SOLUSDT,142.84,0.037,binance,0.11111111111104094,0.0009483809781872376,142.84,142.84099999999998,142.84050000000002,142.83460000000002,142.8404376209051,142.84054576856488,142.83951296724112,142.83800781069442,50.0,0.0015770785548738786,0.0019525953384012373,-0.00037551678352735866,0.0,0.0,0.0,0.0,-0.007000350017494217,142.84050000000002,0.002236067978340913,142.8449721359567,142.83602786404333,6.261719829725142e-05,0.4440983005817707,2.769428571428571,137.74349083895854,-7.000840100801486e-05,-0.0070008401008014864,-1
2025-03-24 14:46:27.810,SOLUSDT,142.84,0.037,binance,0.11111111111104094,0.0009483809781872376,142.84,142.841,142.8405,142.8348,142.84029174727007,142.8404465379167,142.8395593513134,142.83808593576524,50.0,0.0014271802352538998,0.0018475123177717698,-0.00042033208251786996,0.0,0.0,0.0,0.0,0.0,142.8405,0.002236067978340913,142.84497213595668,142.8360278640433,6.261719829725144e-05,0.4440983005849483,2.769428571428571,137.74349083895854,-7.000840100801486e-05,-0.0070008401008014864,-1
2025-03-24 14:46:27.810,SOLUSDT,142.84,0.037,binance,0.11111111111104094,0.0009483809781872376,142.84,142.841,142.8405,142.835,142.84019449818004,142.84036534920457,142.839601317855,142.83816099710776,50.0,0.0012934743696177975,0.0017367047281409754,-0.0004432303585231779,0.0,0.0,0.0,0.0,0.0,142.8405,0.002236067978340913,142.84497213595668,142.8360278640433,6.261719829725144e-05,0.4440983005849483,2.598071428571429,137.74349083895854,-7.000840100801486e-05,-0.0070008401008014864,-1
2025-03-24 14:46:27.810,SOLUSDT,142.84,0.037,binance,0.11111111111104094,0.0009483809781872376,142.84,142.84099999999998,142.84050000000002,142.83520000000001,142.84012966545336,142.84029892207647,142.8396392875831,142.83823311486825,50.0,0.0011739786131386154,0.0016241595051405037,-0.00045018089200188826,0.0,0.0,0.0,0.0,0.0,142.84050000000002,0.002236067978340913,142.8449721359567,142.83602786404333,6.261719829725142e-05,0.4440983005817707,2.3150000000000004,137.74349083895854,0.0,0.0,0
2025-03-24 14:46:27.810,SOLUSDT,142.84,0.33,binance,0.11111111111104094,0.008887684595583256,142.84,142.841,142.8405,142.83540000000002,142.84008644363558,142.84024457260801,142.83967364114665,142.83830240448125,50.0,0.0010669779080387798,0.001512723185720159,-0.0004457452776813792,0.0,0.0,0.0,0.0,0.0,142.8405,0.002236067978340913,142.84497213595668,142.8360278640433,6.261719829725144e-05,0.4440983005849483,2.3335,107.3984962406015,0.0,0.0,0
2025-03-24 14:46:27.810,SOLUSDT,142.84,0.036,binance,0.11111111111104094,0.0009212843788104593,142.84,142.84,142.8405,142.8356,142.84005762909038,142.8402001048611,142.8397047229422,142.83836897685453,50.0,0.0009709861543854004,0.0014043757794532075,-0.00043338962506780715,0.0,0.0,0.0,0.0,0.0,142.8405,0.002236067978340913,142.84497213595668,142.8360278640433,6.261719829725144e-05,0.4440983005849483,2.273285714285714,137.87644787644788,0.0,0.0,0
2025-03-24 14:46:27.810,SOLUSDT,142.84,0.145,binance,0.11111111111104094,0.003874813710879285,142.84,142.84,142.8405,142.8358,142.84003841939358,142.84016372215908,142.83973284456675,142.8384329385465,50.0,0.0008847135706844256,0.0013004433376994512,-0.0004157297670150256,0.0,0.0,0.0,0.0,0.0,142.8405,0.002236067978340913,142.84497213595668,142.8360278640433,6.261719829725144e-05,0.4440983005849483,2.281,124.75109170305677,0.0,0.0,0
2025-03-24 14:46:27.810,SOLUSDT,142.84,0.037,binance,0.11111111111104094,0.0009483809781872376,142.84,142.84,142.84050000000002,142.836,142.84002561292905,142.84013395449378,142.83975828794135,142.83849439193682,50.0,0.0008070388846590504,0.001201762447091371,-0.0003947235624323206,0.0,0.0,0.0,0.0,0.0,142.84050000000002,0.002236067978340913,142.8449721359567,142.83602786404333,6.261719829725142e-05,0.4440983005817707,2.2802857142857142,137.74349083895854,0.0,0.0,0
2025-03-24 14:46:27.810,SOLUSDT,142.84,0.037,binance,0.11111111111104094,0.0009483809781872376,142.84,142.84,142.8405,142.83620000000002,142.84001707528603,142.84010959913127,142.83978130813742,142.83855343539028,50.0,0.0007369856248544693,0.0011088070826439907,-0.0003718214577895214,0.0,0.0,0.0,0.0,0.0,142.8405,0.002236067978340913,142.84497213595668,142.8360278640433,6.261719829725144e-05,0.4440983005849483,1.1578571428571427,137.74349083895854,0.0,0.0,0
2025-03-24 14:46:27.810,SOLUSDT,142.84,0.037,binance,0.11111111111104094,0.0009483809781872376,142.84,142.84,142.8405,142.8364,142.84001138352403,142.8400896720165,142.83980213593387,142.8386101634142,0.0,0.0006737018956641805,0.0010217860452480286,-0.00034808414958384815,0.0,0.0,0.0,0.0,0.0,142.8405,0.002236067978340913,142.84497213595668,142.8360278640433,6.261719829725144e-05,0.4440983005849483,1.157,137.74349083895854,0.0,0.0,0
2025-03-24 14:46:27.834,SOLUSDT,142.83,3.463,binance,0.0,0.09378133044302943,142.83800000000002,142.839,142.8395,142.8382,142.8366668640744,142.8381938728477,142.83897488964982,142.83867625751083,0.0,-0.0005110257526439455,0.0002817542533338383,-0.0007927800059777837,-0.009999999999990905,-0.0070008401008014864,-0.0070008401008014864,-0.0070008401008014864,-0.0070008401008014864,142.8395,0.0022360679782920776,142.84397213595656,142.8350278640434,6.261763667018696e-05,-0.5621322889352263,0.2905714285714284,32.00313690342819,7.001330252731641e-05,0.007001330252731641,1
2025-03-24 14:46:27.834,SOLUSDT,142.83,0.037,binance,0.0,0.0009483809781872376,142.836,142.83800000000002,142.839,142.8382,142.8344445760496,142.83670407778447,142.8381201382546,142.83833601211825,0.0,-0.0011495503115384054,-4.506659640610459e-06,-0.001145043651897795,0.0,0.0,0.0,-0.0070008401008014864,-0.0070008401008014864,142.839,0.0030779350568104825,142.84515587011362,142.83284412988638,8.61931281179006e-05,-0.23100957572827033,0.28285714285714275,137.73384763741564,7.001330252731641e-05,0.007001330252731641,1
2025-03-24 14:46:27.977,SOLUSDT,142.83,0.124,binance,0.0,0.0033057851239669425,142.834,142.837,142.8385,142.8382,142.83296305069973,142.83548515455092,142.83734679175416,142.83800910968225,0.0,-0.0016367185521346528,-0.00033094903813941896,-0.0013057695139952338,0.0,0.0,0.0,-0.0070008401008014864,-0.0070008401008014864,142.8385,0.003663475485771398,142.84582695097154,142.83117304902848,0.0001025907016880139,-0.08005028510659205,0.2890714285714284,127.0729537366548,0.00014002660505485487,0.014002660505485487,1
2025-03-24 14:46:28.105,SOLUSDT,142.84,0.061,binance,0.11111111111104094,0.0015986993632299148,142.834,142.83700000000002,142.8385,142.8384,142.8353087004665,142.83630603554167,142.83759947825376,142.83808718381235,50.0,-0.0012020302101234392,-0.0005051652725362231,-0.0006968649375872161,0.009999999999990905,0.007001330252731641,0.007001330252731641,0.007001330252731641,0.0,142.8385,0.003663475485771398,142.84582695097154,142.83117304902848,0.0001025907016880139,0.602361815018354,0.2907857142857142,134.62770970782282,7.000840100812589e-05,0.007000840100812589,1
2025-03-24 14:46:28.128,SOLUSDT,142.84,0.488,binance,0.11111111111104094,0.013168947297114214,142.834,142.83700000000002,142.8385,142.8386,142.83687246697767,142.8369776654432,142.83782809937247,142.83816219621187,50.0,-0.0008477640708406398,-0.0005736850321971065,-0.00027407903864353324,0.0,0.0,0.0,0.007001330252731641,0.0,142.8385,0.003663475485771398,142.84582695097154,142.83117304902848,0.0001025907016880139,0.602361815018354,0.3229999999999999,95.99462365591398,7.000840100812589e-05,0.007000840100812589,1
2025-03-24 14:46:28.152,SOLUSDT,142.84,0.07,binance,0.11111111111104094,0.001842568757620919,142.836,142.837,142.8385,142.83880000000002,142.83791497798512,142.83752718081715,142.83803494705128,142.83823426694866,50.0,-0.0005605440007627749,-0.0005710568259102403,1.0512825147465394e-05,0.0,0.0,0.0,0.007001330252731641,0.007001330252731641,142.8385,0.003663475485771398,142.84582695097154,142.83117304902848,0.0001025907016880139,0.602361815018354,0.3242142857142856,133.49532710280374,7.000840100812589e-05,0.007000840100812589,1
2025-03-24 14:46:28.410,SOLUSDT,142.84,0.036,binance,0.11111111111104094,0.0009212843788104593,142.83800000000002,142.83700000000002,142.8385,142.83900000000003,142.83860998532342,142.83797678430494,142.83822209495116,142.83830351138204,50.0,-0.00032912606553736623,-0.0005226706738356655,0.00019354460829829924,0.0,0.0,0.0,0.0,0.007001330252731641,142.8385,0.003663475485771398,142.84582695097154,142.83117304902848,0.0001025907016880139,0.602361815018354,0.324142857142857,137.87644787644788,7.000840100812589e-05,0.007000840100812589,1
2025-03-24 14:46:28.410,SOLUSDT,142.84,0.053,binance,0.11111111111104094,0.001381926568215689,142.84,142.83700000000002,142.8385,142.8392,142.83907332354894,142.83834464170403,142.83839141924153,142.83837004034746,50.0,-0.00014406499300889664,-0.0004469495376703117,0.00030288454466141505,0.0,0.0,0.0,0.0,0.007001330252731641,142.8385,0.003663475485771398,142.84582695097154,142.83117304902848,0.0001025907016880139,0.602361815018354,0.3252857142857142,135.650522317189,7.000840100812589e-05,0.007000840100812589,1
2025-03-24 14:46:28.410,SOLUSDT,142.84,2.999,binance,0.11111111111104094,0.08120850833220433,142.84,142.837,142.8385,142.8394,142.8393822156993,142.83864561593964,142.838544617409,142.83843396033382,50.0,2.5676420989384496e-06,-0.00035704610171646167,0.0003596137438154001,0.0,0.0,0.0,0.0,0.0,142.8385,0.003663475485771398,142.84582695097154,142.83117304902848,0.0001025907016880139,0.602361815018354,0.5368571428571427,35.71892973243311,7.000840100812589e-05,0.007000840100812589,1
2025-03-24 14:46:28.410,SOLUSDT,142.84,0.037,binance,0.11111111111104094,0.0009483809781872376,142.84,142.83700000000002,142.8385,142.8396,142.83958814379952,142.83889186758697,142.83868322527482,142.83849537365407,50.0,0.00011742149987981065,-0.0002621525813972072,0.00037957408127701787,0.0,0.0,0.0,0.0,0.0,142.8385,0.003663475485771398,142.84582695097154,142.83117304902848,0.0001025907016880139,0.602361815018354,0.5368571428571427,137.74349083895854,7.000840100812589e-05,0.007000840100812589,1
2025-03-24 14:46:28.410,SOLUSDT,142.84,0.037,binance,0.11111111111104094,0.0009483809781872376,142.84,142.838,142.8385,142.83960000000002,142.8397254291997,142.8390933462075,142.8388086323915,142.83855437860882,50.0,0.000206068579359453,-0.00016850834924587516,0.00037457692860532816,0.0,0.0,0.0,0.0,0.0,142.8385,0.003663475485771398,142.84582695097154,142.83117304902848,0.0001025907016880139,0.602361815018354,0.5368571428571427,137.74349083895854,7.000840100812589e-05,0.007000840100812589,1
2025-03-24 14:46:28.410,SOLUSDT,142.84,0.037,binance,0.11111111111104094,0.0009483809781872376,142.84,142.839,142.8385,142.83960000000002,142.8398169527998,142.8392581923516,142.8389220959733,142.83861106964378,50.0,0.00027317305952578863,-8.01720674915424e-05,0.00035334512701733103,0.0,0.0,0.0,0.0,0.0,142.8385,0.003663475485771398,142.84582695097154,142.83117304902848,0.0001025907016880139,0.602361815018354,0.5368571428571427,137.74349083895854,7.000840100812589e-05,0.007000840100812589,1
2025-03-24 14:46:28.580,SOLUSDT,142.85,0.037,binance,0.22222222222208188,0.0009483809781872376,142.842,142.841,142.839,142.8398,142.84321130186652,142.84121124828766,142.83997713445203,142.83905769436362,66.66666666666666,0.0011203555090730788,0.00015993344782138183,0.0009604220612516969,0.009999999999990905,0.007000840100812589,0.007000840100812589,0.007000840100812589,0.007000840100812589,142.839,0.00447213595537829,142.84794427191076,142.83005572808923,0.00012523571168607657,1.1149186937596354,0.5368571428571427,137.75313404050146,0.0,0.0,0
2025-03-24 14:46:28.580,SOLUSDT,142.85,0.766,binance,0.22222222222208188,0.020701801923858558,142.844,142.84199999999998,142.8395,142.84,142.84547420124434,142.84280920314444,142.84093169307565,142.83948680438857,66.66666666666666,0.0017713348583470179,0.00048221372992650905,0.0012891211284205089,0.0,0.0,0.0,0.007000840100812589,0.007000840100812589,142.8395,0.005104177855684757,142.84970835571136,142.82929164428862,0.00014293463238628158,1.0142845869052415,0.5889285714285712,80.8890147225368,-7.000350017494217e-05,-0.007000350017494217,-1
2025-03-24 14:46:28.580,SOLUSDT,142.85,0.037,binance,0.22222222222208188,0.0009483809781872376,142.846,142.84300000000002,142.83999999999997,142.8402,142.84698280082955,142.84411662075453,142.84179534135416,142.8398990865694,100.0,0.0022611752618217906,0.0008380060363055654,0.0014231692255162252,0.0,0.0,0.0,0.007000840100812589,0.007000840100812589,142.83999999999997,0.005619514869814981,142.85123902973962,142.82876097026033,0.00015736530019100586,0.9448782604759876,0.3442142857142856,137.75313404050146,-7.000350017494217e-05,-0.007000350017494217,-1
2025-03-24 14:46:28.580,SOLUSDT,142.85,0.053,binance,0.22222222222208188,0.001381926568215689,142.848,142.844,142.84050000000002,142.8404,142.84798853388637,142.84518632607188,142.84257673741567,142.84029520082157,100.0,0.0026191849766519226,0.001194241824374837,0.0014249431522770856,0.0,0.0,0.0,0.0,0.007000840100812589,142.84050000000002,0.006048053188605361,142.85259610637723,142.8284038936228,0.0001693652203291679,0.8926883454774216,0.34535714285714275,135.66001899335234,0.0,0.0,0
2025-03-24 14:46:28.580,SOLUSDT,142.85,0.036,binance,0.22222222222208188,0.0009212843788104593,142.85,142.84499999999997,142.841,142.84060000000002,142.8486590225909,142.84606153951336,142.84328371480467,142.84067578118152,100.0,0.002869828656628215,0.0015293591908255126,0.0013404694658027023,0.0,0.0,0.0,0.0,0.007000840100812589,142.841,0.006407232755477277,142.85381446551096,142.82818553448905,0.00017942279192887967,0.8511656413718934,0.3390714285714284,137.88610038610037,0.0,0.0,0
2025-03-24 14:46:28.580,SOLUSDT,142.85,0.071,binance,0.22222222222208188,0.0018696653569976968,142.85,142.846,142.8415,142.8408,142.8491060150606,142.84677762323818,142.84392336101376,142.84104143682146,100.0,0.003033497310070743,0.0018301868146745589,0.0012033104953961841,0.0,0.0,0.0,0.0,0.0,142.8415,0.006708203932801692,142.8549164078656,142.8280835921344,0.00018785027972410828,0.8167762967980651,0.33978571428571414,133.38001867413632,0.0,0.0,0
2025-03-24 14:46:28.675,SOLUSDT,142.85,1.0,binance,0.22222222222208188,0.027042406178024662,142.85,142.84699999999998,142.842,142.841,142.84940401004042,142.84736350992213,142.84450208853627,142.84139275302454,100.0,0.0031271579666452,0.002089581045068687,0.0010375769215765127,0.0,0.0,0.0,0.0,0.0,142.842,0.006958523739685907,142.85591704747938,142.82808295252065,0.00019485931979904066,0.7874172848746027,0.3763571428571427,71.425,0.0,0.0,0
2025-03-24 14:46:29.007,SOLUSDT,142.85,1.058,binance,0.22222222222208188,0.0286140089418778,142.85,142.848,142.8425,142.84120000000001,142.84960267336027,142.84784287175447,142.84502569915188,142.8417302921216,100.0,0.003164901695129174,0.0023046451750807846,0.0008602565200483895,0.0,0.0,0.0,0.0,0.0,142.8425,0.007163503994416414,142.85682700798884,142.82817299201116,0.00020059867320775776,0.7617434151581236,0.4469285714285713,69.41205053449951,-7.000350017494217e-05,-0.007000350017494217,-1
2025-03-24 14:46:29.331,SOLUSDT,142.85,0.05,binance,0.22222222222208188,0.0013006367700853546,142.85,142.849,142.8435,142.8414,142.8497351155735,142.84823507689,142.84549944208982,142.84205459439136,100.0,0.0031584057365705576,0.0024753972873787396,0.000683008449191818,0.0,0.0,0.0,0.0,0.0,142.8435,0.006708203932845647,142.8569164078657,142.83008359213432,0.00018784764957020616,0.7422406975495482,0.4479285714285713,136.04761904761904,-7.000350017494217e-05,-0.007000350017494217,-1
2025-03-24 14:46:29.331,SOLUSDT,142.85,2.05,binance,0.22222222222208188,0.055493835523641795,142.85,142.85,142.8445,142.8416,142.84982341038233,142.8485559720009,142.8459280666527,142.84236617892503,100.0,0.0031173230825913834,0.0026037824464212687,0.0005135406361701147,0.0,0.0,0.0,0.0,0.0,142.8445,0.006048053188703518,142.85659610637742,142.8324038936226,0.0001693604776860601,0.7273458842199693,0.5905714285714284,46.83606557377049,-7.000350017494217e-05,-0.007000350017494217,-1
2025-03-24 14:46:29.666,SOLUSDT,142.85,0.049,binance,0.22222222222208188,0.0012735401707085763,142.85,142.85,142.8455,142.84179999999998,142.8498822735882,142.84881852254617,142.84631586982866,142.8426655444574,100.0,0.003049610768698585,0.002692948110876732,0.0003566626578218532,0.0,0.0,0.0,0.0,0.0,142.8455,0.005104177855860378,142.8557083557117,142.83529164428828,0.00014292862864719144,0.7204076800950815,0.3798571428571427,136.17731172545282,-7.000350017494217e-05,-0.007000350017494217,-1
2025-03-24 14:46:29.944,SOLUSDT,142.84,0.037,binance,0.11111111111104094,0.0009483809781872376,142.848,142.849,142.84550000000002,142.8418,142.84658818239214,142.8472151548105,142.84571435841642,142.8425610133022,50.0,0.0021640856137423725,0.00258717561144986,-0.00042308999770748756,-0.009999999999990905,-0.007000350017494217,-0.007000350017494217,-0.007000350017494217,-0.007000350017494217,142.84550000000002,0.005104177855860378,142.85570835571173,142.8352916442883,0.00014292862864719142,0.23061283543919023,0.3798571428571427,137.74349083895854,0.0,0.0,0
2025-03-24 14:46:29.944,SOLUSDT,142.84,0.347,binance,0.11111111111104094,0.009348326784988484,142.846,142.848,142.8455,142.8418,142.84439212159475,142.84590330848133,142.84517013380534,142.842460581408,50.0,0.0014456361548695895,0.002358867720133806,-0.0009132315652642165,0.0,0.0,0.0,-0.007000350017494217,-0.007000350017494217,142.8455,0.005104177855860378,142.8557083557117,142.83529164428828,0.00014292862864719144,0.2306128354405823,0.4019999999999998,106.0430586488493,0.0,0.0,0
2025-03-24 14:46:30.062,SOLUSDT,142.85,0.01,binance,0.22222222222208188,0.00021677279501422576,142.846,142.848,142.84599999999998,142.842,142.8462614143965,142.84664816148472,142.845630121062,142.8427562448822,66.66666666666666,0.0016639947137946365,0.0022198931188659723,-0.0005558984050713358,0.009999999999990905,0.007000840100812589,0.007000840100812589,0.0,0.0,142.84599999999998,0.0050262469000446975,142.85605249380006,142.8359475061999,0.00014074589138077047,0.6989556064179705,0.40007142857142836,141.43564356435644,-7.000350017494217e-05,-0.007000350017494217,-1
2025-03-24 14:46:30.062,SOLUSDT,142.85,0.053,binance,0.22222222222208188,0.001381926568215689,142.846,142.848,142.84650000000002,142.84199999999998,142.84750760959767,142.84725758666931,142.84604630000848,142.84304031371033,50.0,0.0018161104541150053,0.0021391365859157793,-0.000323026131800774,0.0,0.0,0.0,0.007000840100812589,0.0,142.84650000000002,0.004893604849871984,142.85628720969976,142.83671279030028,0.00013703114461660292,0.6788047925481687,0.4012142857142855,135.66001899335234,-7.000350017494217e-05,-0.007000350017494217,-1
2025-03-24 14:46:30.062,SOLUSDT,142.85,0.9,binance,0.22222222222208188,0.024332746240346842,142.846,142.848,142.847,142.84220000000002,142.84833840639845,142.8477562072749,142.84642284286483,142.84331324258443,50.0,0.001914593037497525,0.0020942278762321282,-0.00017963483873460317,0.0,0.0,0.0,0.007000840100812589,0.0,142.847,0.004701623460433269,142.85640324692088,142.83759675307914,0.00013165480438326977,0.6595193673649073,0.41078571428571414,75.1842105263158,-7.000350017494217e-05,-0.007000350017494217,-1
2025-03-24 14:46:30.062,SOLUSDT,142.85,0.037,binance,0.22222222222208188,0.0009483809781872376,142.848,142.848,142.8475,142.84240000000003,142.8488922709323,142.84816416958856,142.84676352449677,142.84357546836543,50.0,0.001969933032597737,0.00206936890750525,-9.94358749075129e-05,0.0,0.0,0.0,0.0,0.007000840100812589,142.8475,0.004442616583864983,142.8563852331677,142.83861476683228,0.000124401661460192,0.6406828584465822,0.41078571428571414,137.75313404050146,-7.000350017494217e-05,-0.007000350017494217,-1
2025-03-24 14:46:30.184,SOLUSDT,142.84,0.037,binance,0.11111111111104094,0.0009483809781872376,142.848,142.84699999999998,142.84750000000003,142.8424,142.84592818062154,142.8466797751179,142.8461193793066,142.84343525391972,33.33333333333333,0.0011931204016093488,0.0018941192063260698,-0.000700998804716721,-0.009999999999990905,-0.007000350017494217,-0.007000350017494217,-0.007000350017494217,0.0,142.84750000000003,0.004442616583864983,142.85638523316774,142.8386147668323,0.00012440166146019196,0.07795142465865379,0.409642857142857,137.74349083895854,0.0,0.0,0
2025-03-24 14:46:30.184,SOLUSDT,142.84,0.368,binance,0.11111111111104094,0.009917355371900827,142.846,142.846,142.8475,142.8424,142.84395212041437,142.84546527055102,142.8455365812774,142.84330053807972,33.33333333333333,0.0005709097032422505,0.001629477305709306,-0.0010585676024670555,0.0,0.0,0.0,-0.007000350017494217,-0.007000350017494217,142.8475,0.004442616583864983,142.8563852331677,142.83861476683228,0.000124401661460192,0.07795142466025316,0.4333571428571427,104.41520467836258,0.0,0.0,0
2025-03-24 14:46:30.184,SOLUSDT,142.84,0.047,binance,0.11111111111104094,0.0012193469719550198,142.844,142.845,142.8475,142.8424,142.8426347469429,142.84447158499628,142.84500928782242,142.84317110521386,33.33333333333333,7.691659538977547e-05,0.0013189651636454,-0.0012420485682556246,0.0,0.0,0.0,-0.007000350017494217,-0.007000350017494217,142.8475,0.004442616583864983,142.8563852331677,142.83861476683228,0.000124401661460192,0.07795142466025316,0.43164285714285694,136.42788920725886,0.0,0.0,0
2025-03-24 14:46:30.184,SOLUSDT,142.84,0.1,binance,0.11111111111104094,0.0026554667389242655,142.842,142.844,142.847,142.8424,142.84175649796194,142.8436585695424,142.84453221279173,142.84304674814663,33.33333333333333,-0.00031099158422875917,0.0009929738140705684,-0.0013039653982993276,0.0,0.0,0.0,0.0,-0.007000350017494217,142.847,0.004701623460433269,142.85640324692088,142.83759675307914,0.00013165480438326977,0.12778814281320108,0.3673571428571427,129.85454545454544,0.0,0.0,0
2025-03-24 14:46:30.184,SOLUSDT,142.84,3.092,binance,0.11111111111104094,0.08372849207424471,142.84,142.844,142.8465,142.8424,142.8411709986413,142.84299337508014,142.84410057347824,142.84292726782715,33.33333333333333,-0.0006113641855449714,0.0006721062141474605,-0.001283470399692432,0.0,0.0,0.0,0.0,-0.007000350017494217,142.8465,0.004893604849871984,142.85628720969973,142.83671279030025,0.00013703114461660295,0.16793395669439123,0.512642857142857,34.90713587487781,7.000840100812589e-05,0.007000840100812589,1
2025-03-24 14:46:30.184,SOLUSDT,142.84,0.037,binance,0.11111111111104094,0.0009483809781872376,142.84,142.844,142.846,142.84240000000003,142.84078066576086,142.84244912506557,142.8437100426708,142.84281247301038,33.33333333333333,-0.0008397317314461361,0.0003697386250287412,-0.0012094703564748772,0.0,0.0,0.0,0.0,0.0,142.846,0.0050262469000446975,142.8560524938001,142.83594750619991,0.00014074589138077045,0.20156659037445793,0.5117142857142856,137.74349083895854,7.000840100812589e-05,0.007000840100812589,1
2025-03-24 14:46:30.184,SOLUSDT,142.84,0.037,binance,0.11111111111104094,0.0009483809781872376,142.84,142.84300000000002,142.8455,142.8424,142.84052044384057,142.8420038295991,142.8433567052736,142.84270217995115,33.33333333333333,-0.001009082581020948,9.397438381880335e-05,-0.0011030569648397513,0.0,0.0,0.0,0.0,0.0,142.8455,0.0051041778558581375,142.8557083557117,142.83529164428828,0.00014292862864719144,0.2306128354405823,0.36792857142857127,137.74349083895854,7.000840100812589e-05,0.007000840100812589,1
2025-03-24 14:46:30.184,SOLUSDT,142.84,0.037,binance,0.11111111111104094,0.0009483809781872376,142.84,142.842,142.84499999999997,142.8424,142.84034696256037,142.8416394969447,142.84303701905708,142.84259621210992,33.33333333333333,-0.0011302653539644325,-0.00015087356373784383,-0.0009793917902265886,0.0,0.0,0.0,0.0,0.0,142.84499999999997,0.005129891760922798,142.8552597835218,142.83474021647814,0.00014364917948590263,0.25633014140466565,0.3670714285714284,137.74349083895854,7.000840100812589e-05,0.007000840100812589,1
2025-03-24 14:46:30.184,SOLUSDT,142.84,0.037,binance,0.11111111111104094,0.0009483809781872376,142.84,142.84099999999998,142.84449999999998,142.8424,142.84023130837357,142.8413414065911,142.8427477791469,142.8424943998703,50.0,-0.0012123286051064497,-0.00036316457201156503,-0.0008491640330948846,0.0,0.0,0.0,0.0,0.0,142.84449999999998,0.005104177855821763,142.85470835571164,142.83429164428833,0.00014292962923534823,0.2795923199050833,0.3670714285714284,137.74349083895854,7.000840100812589e-05,0.007000840100812589,1
2025-03-24 14:46:30.184,SOLUSDT,142.84,0.037,binance,0.11111111111104094,0.0009483809781872376,142.84,142.84,142.844,142.8424,142.8401542055824,142.84109751448364,142.84248608589482,142.84239658026755,50.0,-0.0012628074644851495,-0.0005430931505062819,-0.0007197143139788675,0.0,0.0,0.0,0.0,0.0,142.844,0.005026246899968623,142.85405249379994,142.83394750620005,0.00014074786200255748,0.3010443935806306,0.3449285714285713,137.74349083895854,7.000840100812589e-05,0.007000840100812589,1
2025-03-24 14:46:30.184,SOLUSDT,142.84,0.037,binance,0.11111111111104094,0.0009483809781872376,142.84,142.84,142.8435,142.8424,142.8401028037216,142.8408979663957,142.8422493158096,142.84230259672765,0.0,-0.00128796546013632,-0.0006920676124322895,-0.0005958978477040304,0.0,0.0,0.0,0.0,0.0,142.8435,0.0048936048497556645,142.85328720969952,142.8337127903005,0.00013703402254229856,0.3211952074462254,0.3468571428571428,137.74349083895854,7.000840100812589e-05,0.007000840100812589,1
2025-03-24 14:46:30.184,SOLUSDT,142.84,0.037,binance,0.11111111111104094,0.0009483809781872376,142.84,142.84,142.84300000000002,142.84240000000003,142.8400685358144,142.8407346997783,142.8420350952563,142.84221229881675,0.0,-0.0012929984714276088,-0.0008122537842313534,-0.0004807446871962554,0.0,0.0,0.0,0.0,0.0,142.84300000000002,0.004701623460272962,142.85240324692057,142.83359675307946,0.00013165849107839837,0.34048063262827766,0.34571428571428564,137.74349083895854,7.000840100812589e-05,0.007000840100812589,1
2025-03-24 14:46:30.184,SOLUSDT,142.84,0.037,binance,0.11111111111104094,0.0009483809781872376,142.84,142.84,142.8425,142.8424,142.84004569054292,142.84060111800042,142.8418412766605,142.8421255420004,0.0,-0.0012822066885576078,-0.0009062443650966044,-0.0003759623234610034,0.0,0.0,0.0,0.0,0.0,142.8425,0.004442616583651053,142.8513852331673,142.8336147668327,0.00012440601595871065,0.35931714154666755,0.2840714285714284,137.74349083895854,7.000840100812589e-05,0.007000840100812589,1
2025-03-24 14:46:30.184,SOLUSDT,142.84,0.037,binance,0.11111111111104094,0.0009483809781872376,142.84,142.84,142.842,142.8424,142.84003046036196,142.84049182381852,142.84166591697854,142.84204218741215,0.0,-0.0012591395459935484,-0.0009768234012759933,-0.0002823161447175551,0.0,0.0,0.0,0.0,0.0,142.842,0.004103913408808263,142.85020782681764,142.8337921731824,0.0001149217571530035,0.37816507070331024,0.2840714285714285,137.74349083895854,7.000840100812589e-05,0.007000840100812589,1
2025-03-24 14:46:30.217,SOLUSDT,142.85,0.027,binance,0.22222222222208188,0.0006774149844194556,142.842,142.841,142.8405,142.8426,142.84333511610714,142.8419388960089,142.8417791676832,142.84193555127084,100.0,-0.00014515870034870204,-0.0008746479529212847,0.0007294892525725827,0.009999999999990905,0.007000840100812589,0.007000840100812589,0.007000840100812589,0.007000840100812589,142.8405,0.002236067978196526,142.8449721359564,142.8360278640436,6.261719829327193e-05,1.5621322889789049,1.1563571428571426,139.09444985394353,0.0,0.0,0
2025-03-24 14:46:30.217,SOLUSDT,142.85,0.036,binance,0.22222222222208188,0.0009212843788104593,142.844,142.842,142.841,142.84300000000002,142.84555674407142,142.84340455128,142.84256210409433,142.84225180416217,100.0,0.0005216914077550427,-0.0005953800807860192,0.001117071488541062,0.0,0.0,0.0,0.007000840100812589,0.007000840100812589,142.841,0.0030779350568025388,142.84715587011362,142.8348441298864,8.619192127773401e-05,1.2310095757282704,1.1562857142857141,137.88610038610037,0.0,0.0,0
2025-03-24 14:46:30.217,SOLUSDT,142.85,0.154,binance,0.22222222222208188,0.004118683105270289,142.846,142.84300000000002,142.8415,142.8434,142.84703782938095,142.84460372377455,142.84327047513298,142.84255565497935,100.0,0.0010382071174319663,-0.00026866264114242216,0.0013068697585743884,0.0,0.0,0.0,0.007000840100812589,0.007000840100812589,142.8415,0.0036634754858184187,142.84882695097164,142.83417304902835,0.0001025885470489371,1.080050285097592,1.164642857142857,123.78682842287695,0.0,0.0,0
2025-03-24 14:46:30.299,SOLUSDT,142.85,0.037,binance,0.22222222222208188,0.0009483809781872376,142.848,142.844,142.842,142.84380000000002,142.8480252195873,142.84558486490644,142.84391138226317,142.8428475900782,100.0,0.0014310532476145,7.128053660896224e-05,0.0013597727110055376,0.0,0.0,0.0,0.0,0.007000840100812589,142.842,0.004103913408808263,142.85020782681764,142.8337921731824,0.0001149217571530035,0.9873397171832962,1.164642857142857,137.75313404050146,0.0,0.0,0
2025-03-24 14:46:30.299,SOLUSDT,142.85,0.037,binance,0.22222222222208188,0.0009483809781872376,142.85,142.84499999999997,142.84250000000003,142.844,142.84868347972485,142.84638761674162,142.8444912506191,142.8431280767418,100.0,0.0017225303781174262,0.00040153050491065505,0.001320999873206771,0.0,0.0,0.0,0.0,0.007000840100812589,142.84250000000003,0.004442616583651053,142.85138523316732,142.83361476683274,0.00012440601595871062,0.9220485753583979,1.1646428571428569,137.75313404050146,7.000350017505319e-05,0.007000350017505319,1
2025-03-24 14:46:30.299,SOLUSDT,142.85,0.004,binance,0.22222222222208188,5.419319875355644e-05,142.85,142.846,142.84300000000002,142.8442,142.84912231981656,142.8470444136977,142.84501589341727,142.8433975639284,100.0,0.0019312656754664204,0.0007074775390218081,0.0012237881364446123,0.0,0.0,0.0,0.0,0.0,142.84300000000002,0.004701623460272962,142.85240324692057,142.83359675307946,0.00013165849107839837,0.8722118571976629,1.1622857142857141,142.2808764940239,0.0,0.0,0
2025-03-24 14:46:30.299,SOLUSDT,142.85,0.226,binance,0.22222222222208188,0.006069638260398321,142.85,142.847,142.8435,142.8444,142.8494148798777,142.84758179302537,142.8454905702347,142.84365648299,100.0,0.002072796000447852,0.0009805412313070169,0.001092254769140835,0.0,0.0,0.0,0.0,0.0,142.8435,0.0048936048497556645,142.85328720969952,142.8337127903005,0.00013703402254229856,0.8320660433133232,1.1757857142857142,116.51712887438825,0.0,0.0,0
2025-03-24 14:46:30.299,SOLUSDT,142.85,0.053,binance,0.22222222222208188,0.001381926568215689,142.85,142.848,142.844,142.84459999999999,142.84960991991846,142.84802146702074,142.84592003973617,142.84390524836294,100.0,0.0021600599758642147,0.0012164449802184564,0.0009436149956457583,0.0,0.0,0.0,0.0,0.0,142.844,0.005026246899968623,142.85405249379994,142.83394750620005,0.00014074786200255748,0.798433409629761,1.1769285714285715,135.66001899335234,0.0,0.0,0
2025-03-24 14:46:30.300,SOLUSDT,142.85,0.032,binance,0.22222222222208188,0.0008128979813033466,142.85,142.849,142.84449999999998,142.8448,142.84973994661232,142.84838120028968,142.84630860738037,142.84414425823107,100.0,0.0022038131192800847,0.001413918608030782,0.0007898945112493026,0.0,0.0,0.0,0.0,0.0,142.84449999999998,0.005104177855821763,142.85470835571164,142.83429164428833,0.00014292962923534823,0.7693871645623098,1.1765714285714284,138.4205426356589,0.0004200210010500971,0.04200210010500971,1
2025-03-24 14:46:30.300,SOLUSDT,142.85,0.037,binance,0.22222222222208188,0.0009483809781872376,142.85,142.85,142.845,142.845,142.84982663107488,142.84867552750973,142.84666016858225,142.8443738951632,100.0,0.0022129779681847594,0.0015737304800615777,0.0006392474881231818,0.0,0.0,0.0,0.0,0.0,142.845,0.005129891760922799,142.85525978352183,142.83474021647817,0.0001436491794859026,0.7436698585967195,1.1754285714285715,137.75313404050146,0.0004200210010500971,0.04200210010500971,1
2025-03-24 14:46:30.300,SOLUSDT,142.85,15.109,binance,0.22222222222208188,0.40934832678498856,142.85,142.85,142.8455,142.8452,142.8498844207166,142.84891634068978,142.8469782477649,142.84459452672542,100.0,0.0021949392832141257,0.0016979722406920874,0.0004969670425220383,0.0,0.0,0.0,0.0,0.0,142.8455,0.005104177855858138,142.8557083557117,142.83529164428828,0.00014292862864719144,0.7204076800950815,2.252,8.867713700415916,0.0004200210010500971,0.04200210010500971,1
2025-03-24 14:46:30.301,SOLUSDT,142.85,2.141,binance,0.22222222222208188,0.057959626066928616,142.85,142.85,142.846,142.8454,142.8499229471444,142.84911336965527,142.84726603369205,142.84480650606952,100.0,0.0021557928572519813,0.0017895363640040665,0.00036625649324791487,0.0,0.0,0.0,0.0,0.0,142.846,0.005026246900044698,142.8560524938001,142.83594750619991,0.00014074589138077045,0.6989556064165569,2.4023571428571424,45.47914676854505,0.0004200210010500971,0.04200210010500971,1
2025-03-24 14:46:30.301,SOLUSDT,142.85,7.302,binance,0.22222222222208188,0.19780517545048099,142.85,142.85,142.8465,142.8456,142.84994863142958,142.8492745751725,142.84752641143567,142.84501017249815,100.0,0.0021005551405437473,0.0018517401193120027,0.00024881502123174455,0.0,0.0,0.0,0.0,0.0,142.8465,0.004893604849871985,142.85628720969973,142.83671279030025,0.00013703114461660295,0.6788047925496207,1.802285714285714,17.20669718140207,0.0004200210010500971,0.04200210010500971,1
2025-03-24 14:46:31.186,SOLUSDT,142.85,0.776,binance,0.22222222222208188,0.020972767917626343,142.85,142.85,142.84699999999998,142.84560000000002,142.8499657542864,142.84940647059568,142.84776199129894,142.84520585200804,100.0,0.0020333397768581563,0.0018880600508212335,0.00014527972603692275,0.0,0.0,0.0,0.0,0.0,142.84699999999998,0.00470162346043327,142.85640324692085,142.8375967530791,0.0001316548043832698,0.6595193673664187,1.8550714285714283,80.43355855855856,0.0004200210010500971,0.04200210010500971,1
2025-03-24 14:46:31.340,SOLUSDT,142.86,3.499,binance,0.3333333333334386,0.09475680802059344,142.852,142.851,142.848,142.8458,142.8533105028576,142.851332566851,142.84892751593716,142.8457860146744,100.0,0.002755227001586036,0.002061493440974194,0.0006937335606118419,0.010000000000019327,0.007000350017505319,0.007000350017505319,0.007000350017505319,0.007000350017505319,142.848,0.005231483638394317,142.8584629672768,142.83753703272322,0.00014649091729382544,1.0734510910024182,2.1030714285714285,31.75372304956657,0.0003499930001398255,0.03499930001398255,1
2025-03-24 14:46:31.356,SOLUSDT,142.85,0.433,binance,0.22222222222208188,0.011678634331391413,142.852,142.851,142.8485,142.8458,142.85220700190507,142.851090281969,142.8490296572765,142.8459512690009,50.0,0.0024916887645076713,0.0021475325056808893,0.00034415625882678203,-0.010000000000019327,-0.006999860002809832,-0.006999860002809832,0.0,0.0,142.8485,0.0048936048499423675,142.85828720969988,142.83871279030012,0.00013702922606649557,0.5766306253768814,2.1314285714285712,99.68597348220516,0.0004200210010500971,0.04200210010500971,1
2025-03-24 14:46:31.706,SOLUSDT,142.85,8.968,binance,0.22222222222208188,0.2429481100121935,142.852,142.851,142.849,142.8458,142.8514713346034,142.8508920488837,142.84912207086924,142.84611004276556,50.0,0.002256817624214591,0.00216938952938763,8.742809482696103e-05,0.0,0.0,0.0,0.0,0.0,142.849,0.004472135955726704,142.85794427191144,142.84005572808854,0.0001252269446960898,0.5559016994287197,2.7609999999999997,14.33085874799358,0.0004200210010500971,0.04200210010500971,1
2025-03-24 14:46:31.706,SOLUSDT,142.85,19.348,binance,0.22222222222208188,0.5242108115431514,142.852,142.85099999999997,142.8495,142.8458,142.85098088973558,142.85072985817757,142.8492056831674,142.8462625901081,50.0,0.002047083054179666,0.0021449282343460373,-9.784518016637146e-05,0.0,0.0,0.0,-0.006999860002809832,0.0,142.8495,0.003940344629108986,142.85738068925824,142.84161931074178,0.0001103355525672721,0.5317231135250042,4.140357142857143,7.020345979948889,0.0004200210010500971,0.04200210010500971,1
2025-03-24 14:46:45.942,SOLUSDT,142.91,6.045,binance,0.8888888888889591,0.1637447500338708,142.864,142.857,142.853,142.847,142.8706539264904,142.86150624759983,142.85499561810386,142.84876209637835,87.49999999998224,0.006645757302123911,0.0030450940479016123,0.003600663254222299,0.060000000000002274,0.04200210010500971,0.04200210010500971,0.04200210010500971,0.04200210010500971,142.853,0.013803127029675016,142.88060625405936,142.82539374594066,0.00038649876529509383,1.5323747632953935,4.5695,20.285308729595457,0.0,0.0,0
2025-03-24 14:46:46.705,SOLUSDT,142.91,23.165,binance,0.8888888888889591,0.6276385313643139,142.874,142.863,142.85649999999998,142.8482,142.88376928432695,142.87032329349077,142.8602341306654,142.85116358279487,87.49999999998224,0.010172972085541687,0.004470669655429627,0.00570230243011206,0.0,0.0,0.0,0.04200210010500971,0.03499930001398255,142.85649999999998,0.018431951663192756,142.89336390332636,142.8196360966736,0.0005160969690056465,1.2256420939251504,6.223857142857142,5.913925098282641,0.0,0.0,0
2025-03-24 14:46:46.705,SOLUSDT,142.91,0.053,binance,0.8888888888889591,0.001381926568215689,142.88600000000002,142.86899999999997,142.8595,142.84939999999997,142.89251285621796,142.8775372401288,142.86497373726868,142.85347089327348,87.49999999998224,0.012820528145624621,0.006140641353468626,0.006679886792155995,0.0,0.0,0.0,0.04200210010500971,0.04200210010500971,142.8595,0.021878853044352383,142.9032577060887,142.81574229391128,0.0006125977773786442,1.0770412175814055,6.2115,135.7169990503324,0.0,0.0,0
2025-03-24 14:46:46.705,SOLUSDT,142.91,2.176,binance,0.8888888888889591,0.05890800704511586,142.898,142.875,142.8625,142.8506,142.89834190414533,142.88343956010536,142.86926195276692,142.85568772098824,87.49999999998224,0.014748721319278957,0.007862257346630694,0.006886463972648263,0.0,0.0,0.0,0.0,0.04200210010500971,142.8625,0.024468024246707888,142.9114360484934,142.8135639515066,0.0006850789884455682,0.985327294115187,6.363142857142857,44.99685138539043,0.0,0.0,0
2025-03-24 14:46:46.769,SOLUSDT,142.91,1.476,binance,0.8888888888889591,0.0399403874813711,142.91,142.881,142.8655,142.8518,142.9022279360969,142.88826873099526,142.87314176678913,142.85781761428282,87.49999999998224,0.01609133738045898,0.009508073353396353,0.006583264027062628,0.0,0.0,0.0,0.0,0.04200210010500971,142.8655,0.026452539426632688,142.91840507885325,142.81259492114674,0.0007406277772206339,0.9205645371347893,6.466285714285715,57.71809369951534,6.997410957931827e-05,0.006997410957931827,1
2025-03-24 14:46:46.769,SOLUSDT,142.91,0.035,binance,0.8888888888889591,0.0008941877794336813,142.91,142.887,142.8685,142.853,142.9048186240646,142.8922198708143,142.87665207471397,142.85986398235016,87.49999999998224,0.01695986748671885,0.010998432180060852,0.005961435306657997,0.0,0.0,0.0,0.0,0.0,142.8685,0.027961439613805344,142.92442287922762,142.8125771207724,0.0007828580719698008,0.8710467037210123,6.466142857142857,138.07729468599035,6.997410957931827e-05,0.006997410957931827,1
2025-03-24 14:46:46.769,SOLUSDT,142.91,0.037,binance,0.8888888888889591,0.0009483809781872376,142.91,142.892,142.8715,142.8544,142.90654574937642,142.89545262157532,142.87982806759837,142.86183010068936,87.49999999998224,0.017447064949038804,0.012288158733856443,0.005158906215182361,0.0,0.0,0.0,0.0,0.0,142.8715,0.029068883707742594,142.92963776741547,142.81336223258452,0.0008138469521979362,0.8311100658962705,5.389571428571428,137.81099324975892,6.997410957931827e-05,0.006997410957931827,1
2025-03-24 14:46:46.769,SOLUSDT,142.91,0.037,binance,0.8888888888889591,0.0009483809781872376,142.91,142.89799999999997,142.87449999999998,142.8558,142.90769716625095,142.8980975994707,142.88270158496996,142.8637191163486,87.49999999998224,0.01762994541155649,0.013356516069396454,0.004273429342160037,0.0,0.0,0.0,0.0,0.0,142.87449999999998,0.02981963323602248,142.93413926647202,142.81486073352795,0.0008348482965404276,0.7976227081587315,5.239285714285714,137.81099324975892,6.997410957931827e-05,0.006997410957931827,1
2025-03-24 14:46:46.769,SOLUSDT,142.91,0.037,binance,0.8888888888889591,0.0009483809781872376,142.91,142.904,142.8775,142.857,142.90846477750065,142.90026167229422,142.88530143402045,142.86553405296237,87.49999999998224,0.017572316766404583,0.014199676208798081,0.0033726405576065023,0.0,0.0,0.0,0.0,0.0,142.8775,0.030240265941727178,142.93798053188345,142.81701946811654,0.0008466068048986927,0.7686814995495165,4.720357142857144,137.81099324975892,6.997410957931827e-05,0.006997410957931827,1
2025-03-24 14:46:46.769,SOLUSDT,142.91,0.037,binance,0.8888888888889591,0.0009483809781872376,142.91,142.91,142.8805,142.8582,142.9089765183338,142.9020322773316,142.88765367839946,142.8672778155913,87.49999999998224,0.017326911796345712,0.014825123326307608,0.0025017884700381035,0.0,0.0,0.0,0.0,0.0,142.8805,0.030344513074042345,142.9411890261481,142.81981097385193,0.0008495074716015523,0.7430422917646081,4.667571428571428,137.81099324975892,6.997410957931827e-05,0.006997410957931827,1
2025-03-24 14:46:46.769,SOLUSDT,142.91,0.037,binance,0.8888888888889591,0.0009483809781872376,142.91,142.91,142.8835,142.8594,142.9093176788892,142.9034809541804,142.88978189950427,142.86895319537203,85.71428571426252,0.016937185260900378,0.015247535713226163,0.0016896495476742147,0.0,0.0,0.0,0.0,0.0,142.8835,0.030135658193474437,142.94377131638694,142.82322868361305,0.0008436427773248174,0.7198392335573619,4.420285714285714,137.81099324975892,6.997410957931827e-05,0.006997410957931827,1
2025-03-24 14:46:46.769,SOLUSDT,142.91,0.037,binance,0.8888888888889591,0.0009483809781872376,142.91,142.91,142.88649999999998,142.8606,142.9095451192595,142.9046662352385,142.89170743288483,142.87056287398488,100.0,0.01643882760194515,0.015485794090969961,0.0009530335109751882,0.0,0.0,0.0,0.0,0.0,142.88649999999998,0.02960707596818661,142.94571415193636,142.8272858480636,0.0008288278029957146,0.6984322938987947,4.392,137.81099324975892,0.0,0.0,0
2025-03-24 14:46:46.769,SOLUSDT,142.91,0.053,binance,0.8888888888889591,0.001381926568215689,142.91,142.91,142.8895,142.862,142.909696746173,142.9056360106497,142.89344958213388,142.87210942794624,100.0,0.01586103937793837,0.015560843148363644,0.00030019622957472465,0.0,0.0,0.0,0.0,0.0,142.8895,0.028741131355548226,142.9469822627111,142.8320177372889,0.0008045694429764324,0.6783158754817353,3.755214285714285,135.7169990503324,0.0,0.0,0
2025-03-24 14:46:46.769,SOLUSDT,142.91,0.037,binance,0.8888888888889591,0.0009483809781872376,142.91,142.91,142.89249999999998,142.8634,142.90979783078203,142.90642946325883,142.89502581240686,142.87359533273266,100.0,0.01522760371094023,0.015494195260878963,-0.0002665915499387335,0.0,0.0,0.0,0.0,0.0,142.89249999999998,0.027505980211340143,142.94751196042267,142.8374880395773,0.0007699768766406817,0.6590563203487905,2.3758571428571424,137.81099324975892,0.0,0.0,0
2025-03-24 14:46:46.803,SOLUSDT,142.92,0.725,binance,1.0,0.01959084134941065,142.91199999999998,142.911,142.899,142.8664,142.91324348034757,142.90942798780134,142.89869459927183,142.87678677196888,100.0,0.014664824151680023,0.01517849591890641,-0.0005136717672263869,0.009999999999990905,0.006997410957931827,0.006997410957931827,0.006997410957931827,0.006997410957931827,142.899,0.024039441275974495,142.94707888255195,142.85092111744805,0.0006729071939194571,0.7183910990162522,0.34385714285714286,82.85217391304347,-6.996921354596175e-05,-0.006996921354596175,-1
2025-03-24 14:46:46.803,SOLUSDT,142.92,0.042,binance,1.0,0.0010838639750711287,142.914,142.91199999999998,142.902,142.868,142.91549565356505,142.91135017183746,142.90072368505548,142.87848140836226,100.0,0.014581563677580789,0.015059109470641286,-0.00047754579306049684,0.0,0.0,0.0,0.006997410957931827,0.006997410957931827,142.902,0.022618111048177802,142.94723622209634,142.85676377790364,0.0006331083133385029,0.698955606434841,0.3430714285714286,137.15930902111322,-6.996921354596175e-05,-0.006996921354596175,-1
2025-03-24 14:46:46.803,SOLUSDT,142.92,0.053,binance,1.0,0.001381926568215689,142.916,142.913,142.90550000000002,142.8696,142.9169971023767,142.912922867867,142.902559524574,142.88010958842648,100.0,0.014350159446564703,0.01491731946582597,-0.0005671600192612668,0.0,0.0,0.0,0.006997410957931827,0.006997410957931827,142.90550000000002,0.019324105481266195,142.94414821096254,142.8668517890375,0.0005408918615801432,0.6875895369908746,0.19142857142857145,135.72649572649573,-6.996921354596175e-05,-0.006996921354596175,-1
2025-03-24 14:46:46.803,SOLUSDT,142.92,0.035,binance,1.0,0.0008941877794336813,142.91799999999998,142.914,142.90900000000002,142.87120000000002,142.91799806825114,142.9142096191639,142.90422052223363,142.8816739182921,100.0,0.014005325254771606,0.014734920623615097,-0.0007295953688434918,0.0,0.0,0.0,0.0,0.006997410957931827,142.90900000000002,0.01447320573440282,142.93794641146883,142.8800535885312,0.0004051027082802163,0.6900062812936301,0.0885,138.08695652173913,-6.996921354596175e-05,-0.006996921354596175,-1
2025-03-24 14:46:46.803,SOLUSDT,142.92,0.037,binance,1.0,0.0009483809781872376,142.92,142.915,142.91249999999997,142.8728,142.9186653788341,142.91526241567954,142.90572332963995,142.8831769018885,100.0,0.013575551169964228,0.014503046732884925,-0.0009274955629206966,0.0,0.0,0.0,0.0,0.006997410957931827,142.91249999999997,0.004442616585472823,142.92138523317092,142.903614766829,0.0001243450806746431,0.9220485751874427,0.08864285714285715,137.82063645130182,-6.996921354596175e-05,-0.006996921354596175,-1
2025-03-24 14:46:46.803,SOLUSDT,142.92,0.071,binance,1.0,0.0018696653569976968,142.92,142.916,142.91299999999998,142.8744,142.91911025255607,142.91612379464686,142.9070830125314,142.8846209449517,100.0,0.013084126446329947,0.01421926267557393,-0.0011351362292439833,0.0,0.0,0.0,0.0,0.0,142.91299999999998,0.0047016234619769335,142.92240324692395,142.90359675307602,0.00013159400368009119,0.872211857064171,0.09107142857142857,133.44537815126048,-6.996921354596175e-05,-0.006996921354596175,-1
2025-03-24 14:46:46.803,SOLUSDT,142.92,0.037,binance,1.0,0.0009483809781872376,142.92,142.91699999999997,142.9135,142.876,142.9194068350374,142.91682855925652,142.9083132018141,142.88600835887516,100.0,0.012550000221864366,0.013885410184832019,-0.0013354099629676527,0.0,0.0,0.0,0.0,0.0,142.9135,0.004893604851377886,142.92328720970275,142.90371279029725,0.0001369669023955118,0.8320660432033921,0.09107142857142857,137.82063645130182,-6.996921354596175e-05,-0.006996921354596175,-1
2025-03-24 14:46:47.027,SOLUSDT,142.91,0.053,binance,0.8888888888889591,0.001381926568215689,142.91799999999998,142.91699999999997,142.91349999999997,142.8774,142.91627122335828,142.91558700302807,142.9084738492604,142.8869492075467,50.0,0.01119078451642963,0.013346485051151543,-0.0021557005347219126,-0.009999999999990905,-0.006996921354596175,-0.006996921354596175,-0.006996921354596175,-0.006996921354596175,142.91349999999997,0.004893604851377886,142.92328720970272,142.90371279029722,0.00013696690239551183,0.321195207506871,0.09221428571428572,135.7169990503324,0.0,0.0,0
2025-03-24 14:46:47.027,SOLUSDT,142.91,0.037,binance,0.8888888888889591,0.0009483809781872376,142.916,142.91699999999997,142.9135,142.87879999999998,142.9141808155722,142.91457118429568,142.90861919694987,142.88785316019192,50.0,0.00999834161882518,0.012676856364686271,-0.0026785147458610915,0.0,0.0,0.0,-0.006996921354596175,-0.006996921354596175,142.9135,0.004893604851377886,142.92328720970275,142.90371279029725,0.0001369669023955118,0.321195207505419,0.09221428571428571,137.81099324975892,0.0,0.0,0
2025-03-24 14:46:47.027,SOLUSDT,142.91,0.037,binance,0.8888888888889591,0.0009483809781872376,142.914,142.91699999999997,142.9135,142.8802,142.91278721038148,142.91374005987828,142.90875070200227,142.8887216637138,50.0,0.008950150270322865,0.01193151514581359,-0.0029813648754907253,0.0,0.0,0.0,-0.006996921354596175,-0.006996921354596175,142.9135,0.004893604851377886,142.92328720970275,142.90371279029725,0.0001369669023955118,0.321195207505419,0.09221428571428571,137.81099324975892,0.0,0.0,0
2025-03-24 14:46:47.027,SOLUSDT,142.91,0.037,binance,0.8888888888889591,0.0009483809781872376,142.91199999999998,142.916,142.91349999999997,142.8816,142.91185814025434,142.91306004899133,142.90886968276396,142.88955610827404,50.0,0.008026921717856794,0.011150596460222232,-0.003123674742365438,0.0,0.0,0.0,0.0,-0.006996921354596175,142.91349999999997,0.004893604851377886,142.92328720970272,142.90371279029722,0.00013696690239551183,0.321195207506871,0.09221428571428572,137.81099324975892,0.0,0.0,0
2025-03-24 14:46:47.027,SOLUSDT,142.91,0.037,binance,0.8888888888889591,0.0009483809781872376,142.91,142.915,142.9135,142.88299999999998,142.91123876016957,142.91250367644744,142.90897733202453,142.8903578295182,50.0,0.007212119613029699,0.010362901090783725,-0.0031507814777540256,0.0,0.0,0.0,0.0,-0.006996921354596175,142.9135,0.004893604851377886,142.92328720970275,142.90371279029725,0.0001369669023955118,0.321195207505419,0.09107142857142857,137.81099324975892,-6.997410957942929e-05,-0.006997410957942929,-1
2025-03-24 14:46:47.027,SOLUSDT,142.91,0.035,binance,0.8888888888889591,0.0008941877794336813,142.91,142.914,142.9135,142.8844,142.91082584011306,142.9120484625479,142.9090747289746,142.89112811071357,50.0,0.006491552498260944,0.00958863137227917,-0.0030970788740182255,0.0,0.0,0.0,0.0,0.0,142.9135,0.004893604851377886,142.92328720970275,142.90371279029725,0.0001369669023955118,0.321195207505419,0.09092857142857143,138.07729468599035,-6.997410957942929e-05,-0.006997410957942929,-1
2025-03-24 14:46:47.027,SOLUSDT,142.91,0.037,binance,0.8888888888889591,0.0009483809781872376,142.91,142.913,142.91349999999997,142.8858,142.9105505600754,142.91167601481192,142.90916285002464,142.89186818480323,50.0,0.005853027807233957,0.008841510659270127,-0.0029884828520361697,0.0,0.0,0.0,0.0,0.0,142.91349999999997,0.004893604851377886,142.92328720970272,142.90371279029722,0.00013696690239551183,0.321195207506871,0.09092857142857144,137.81099324975892,-6.997410957942929e-05,-0.006997410957942929,-1
2025-03-24 14:46:47.027,SOLUSDT,142.91,0.037,binance,0.8888888888889591,0.0009483809781872376,142.91,142.91199999999998,142.9135,142.8872,142.91036704005026,142.9113712848461,142.90924257859373,142.89257923637956,0.0,0.005286058003065364,0.008130420128029173,-0.0028443621249638097,0.0,0.0,0.0,0.0,0.0,142.9135,0.004893604851377886,142.92328720970275,142.90371279029725,0.0001369669023955118,0.321195207505419,0.04178571428571428,137.81099324975892,-6.997410957942929e-05,-0.006997410957942929,-1
2025-03-24 14:46:47.027,SOLUSDT,142.91,0.037,binance,0.8888888888889591,0.0009483809781872376,142.91,142.911,142.9135,142.8886,142.91024469336685,142.91112196032861,142.90931471396576,142.89326240358037,0.0,0.004781610914307066,0.007460658285284753,-0.0026790473709776864,0.0,0.0,0.0,0.0,0.0,142.9135,0.004893604851377886,142.92328720970275,142.90371279029725,0.0001369669023955118,0.321195207505419,0.041428571428571426,137.81099324975892,-6.997410957942929e-05,-0.006997410957942929,-1
2025-03-24 14:46:47.027,SOLUSDT,142.91,0.84,binance,0.8888888888889591,0.022706950277740147,142.91,142.91,142.9135,142.89,142.91016312891125,142.9109179675416,142.90937997930234,142.89391877991054,0.0,0.004331897543721652,0.006834906136972133,-0.002503008593250481,0.0,0.0,0.0,0.0,0.0,142.9135,0.004893604851377886,142.92328720970275,142.90371279029725,0.0001369669023955118,0.321195207505419,0.09764285714285714,77.66847826086956,-6.997410957942929e-05,-0.006997410957942929,-1
2025-03-24 14:46:47.027,SOLUSDT,142.91,0.037,binance,0.8888888888889591,0.0009483809781872376,142.91,142.91,142.91349999999997,142.8912,142.9101087526075,142.9107510643522,142.9094390288926,142.89454941599246,0.0,0.003930191654603732,0.006253963240498454,-0.002323771585894722,0.0,0.0,0.0,0.0,0.0,142.91349999999997,0.004893604851377886,142.92328720970272,142.90371279029722,0.00013696690239551183,0.321195207506871,0.09778571428571427,137.81099324975892,-6.997410957942929e-05,-0.006997410957942929,-1
2025-03-24 14:46:47.027,SOLUSDT,142.91,0.037,binance,0.8888888888889591,0.0009483809781872376,142.91,142.91,142.9135,142.89239999999998,142.91007250173834,142.91061450719724,142.90949245471234,142.89515532124764,0.0,0.0035706763094935923,0.0057173058542974815,-0.0021466295448038892,0.0,0.0,0.0,0.0,0.0,142.9135,0.004893604851377886,142.92328720970275,142.90371279029725,0.0001369669023955118,0.321195207505419,0.09778571428571428,137.81099324975892,-6.997410957942929e-05,-0.006997410957942929,-1
2025-03-24 14:46:47.027,SOLUSDT,142.91,0.037,binance,0.8888888888889591,0.0009483809781872376,142.91,142.91,142.9135,142.8936,142.91004833449225,142.91050277861592,142.90954079235877,142.89573746551244,0.0,0.0032483132749234755,0.005223507338422681,-0.0019751940634992055,0.0,0.0,0.0,0.0,0.0,142.9135,0.004893604851377886,142.92328720970275,142.90371279029725,0.0001369669023955118,0.321195207505419,0.09535714285714285,137.81099324975892,-6.997410957942929e-05,-0.006997410957942929,-1
2025-03-24 14:46:47.027,SOLUSDT,142.91,0.037,binance,0.8888888888889591,0.0009483809781872376,142.91,142.91,142.91299999999998,142.8948,142.91003222299483,142.9104113643221,142.90958452641985,142.89629678059038,0.0,0.00295873182875539,0.004770552236489223,-0.0018118204077338333,0.0,0.0,0.0,0.0,0.0,142.91299999999998,0.0047016234619769335,142.92240324692395,142.90359675307602,0.00013159400368009119,0.3404806326876474,0.09535714285714285,137.81099324975892,-6.997410957942929e-05,-0.006997410957942929,-1
2025-03-24 14:46:50.397,SOLUSDT,142.9,0.037,binance,0.7777777777779181,0.0009483809781872376,142.908,142.909,142.9095,142.9066,142.9066672254627,142.9082371181479,142.90889490236748,142.90042279047188,0.0,0.0004298884334161812,0.001782932876289617,-0.0013530444428734357,-0.009999999999990905,-0.006997410957942929,-0.006997410957942929,-0.006997410957942929,-0.006997410957942929,142.9095,0.0022360679819133293,142.91397213596383,142.90502786403619,6.258696537071532e-05,-0.5621322872171142,0.6888571428571428,137.80135004821602,0.0,0.0,0
2025-03-24 14:46:50.397,SOLUSDT,142.9,0.037,binance,0.7777777777779181,0.0009483809781872376,142.906,142.908,142.909,142.9074,142.90444481697514,142.90673946030282,142.90804776880867,142.90040621045335,0.0,-0.0002847449993623741,0.001369397301159219,-0.001654142300521593,0.0,0.0,0.0,-0.006997410957942929,-0.006997410957942929,142.909,0.003077935059441261,142.91515587011887,142.90284412988112,8.615090888431685e-05,-0.2310095751038809,0.6888571428571428,137.80135004821602,0.0,0.0,0
2025-03-24 14:46:50.397,SOLUSDT,142.9,0.037,binance,0.7777777777779181,0.0009483809781872376,142.904,142.90699999999998,142.9085,142.90839999999997,142.90296321131677,142.90551410388412,142.9072813146364,142.90039028063165,0.0,-0.0008413980307295787,0.0009272382347814594,-0.0017686362655110381,0.0,0.0,0.0,-0.006997410957942929,-0.006997410957942929,142.9085,0.0036634754879816944,142.91582695097597,142.90117304902404,0.00010254045037160804,-0.08005028475558394,0.6888571428571428,137.80135004821602,0.0,0.0,0
2025-03-24 14:46:50.397,SOLUSDT,142.9,1.566,binance,0.7777777777779181,0.042379081425281136,142.902,142.906,142.908,142.9094,142.90197547421118,142.90451153954155,142.9065878560996,142.90037497550884,0.0,-0.0012679336190615231,0.0004882038640128629,-0.0017561374830743861,0.0,0.0,0.0,0.0,-0.006997410957942929,142.908,0.004103913410694707,142.91620782682136,142.8997921731786,0.0001148686822483882,0.012660283039458955,0.7980714285714285,55.689789555728765,0.0,0.0,0
2025-03-24 14:46:50.397,SOLUSDT,142.9,0.037,binance,0.7777777777779181,0.0009483809781872376,142.9,142.90500000000003,142.90749999999997,142.91039999999998,142.90131698280746,142.9036912596249,142.90596044123296,142.90036027058693,0.0,-0.0015876645373396059,7.303018374236916e-05,-0.001660694721081975,0.0,0.0,0.0,0.0,-0.006997410957942929,142.90749999999997,0.004442616585351351,142.91638523317067,142.89861476682927,0.00012434943121531996,0.07795142480360583,0.7980714285714285,137.80135004821602,6.997900629812648e-05,0.006997900629812648,1
2025-03-24 14:46:50.397,SOLUSDT,142.9,0.071,binance,0.7777777777779181,0.0018696653569976968,142.9,142.904,142.90699999999998,142.9102,142.90087798853833,142.90302012151128,142.90539278016317,142.9003461423286,0.0,-0.0018200729258808224,-0.0003055904381822691,-0.0015144824876985531,0.0,0.0,0.0,0.0,0.0,142.90699999999998,0.004701623461837755,142.91640324692366,142.8975967530763,0.00013159952869603615,0.12778814292608992,0.7999285714285714,133.42670401493933,6.997900629812648e-05,0.006997900629812648,1
2025-03-24 14:46:50.397,SOLUSDT,142.9,0.037,binance,0.7777777777779181,0.0009483809781872376,142.9,142.903,142.9065,142.91,142.90058532569222,142.90247100850922,142.90487918205238,142.90033256811964,0.0,-0.0019814176983743437,-0.0006407558902206841,-0.0013406618081536596,0.0,0.0,0.0,0.0,0.0,142.9065,0.00489360485122137,142.91628720970243,142.89671279029756,0.00013697361145137345,0.1679339567860005,0.7805714285714286,137.80135004821602,6.997900629812648e-05,0.006997900629812648,1
2025-03-24 14:46:50.397,SOLUSDT,142.9,0.037,binance,0.7777777777779181,0.0009483809781872376,142.9,142.902,142.906,142.9098,142.90039021712815,142.9020217342348,142.9044144980474,142.90031952623258,0.0,-0.0020852471617729407,-0.0009296541445311355,-0.001155593017241805,0.0,0.0,0.0,0.0,0.0,142.906,0.005026246901358474,142.9160524938027,142.8959475061973,0.00014068679835281325,0.20156659045208472,0.7697857142857144,137.80135004821602,6.997900629812648e-05,0.006997900629812648,1
2025-03-24 14:46:50.397,SOLUSDT,142.9,0.037,binance,0.7777777777779181,0.0009483809781872376,142.9,142.901,142.90550000000002,142.9096,142.9002601447521,142.90165414619213,142.90399406966193,142.90030699579208,0.0,-0.0021428315315290547,-0.0011722896219307194,-0.0009705419095983353,0.0,0.0,0.0,0.0,0.0,142.90550000000002,0.005104177857151854,142.91570835571432,142.89529164428572,0.0001428686189726437,0.2306128355074418,0.6362857142857142,137.80135004821602,6.997900629812648e-05,0.006997900629812648,1
2025-03-24 14:46:50.397,SOLUSDT,142.9,3.704,binance,0.7777777777779181,0.10031161089283297,142.9,142.9,142.905,142.90939999999998,142.90017342983475,142.901353392339,142.90361368207508,142.9002949567414,0.0,-0.002163527758170858,-0.001370537249178747,-0.0007929905089921108,0.0,0.0,0.0,0.0,0.0,142.905,0.0051298917622100305,142.91525978352442,142.89474021647558,0.00014358886707138664,0.25633014146470695,0.8982142857142857,30.378401360544213,6.997900629812648e-05,0.006997900629812648,1
2025-03-24 14:46:50.397,SOLUSDT,142.9,0.035,binance,0.7777777777779181,0.0008941877794336813,142.9,142.9,142.9045,142.9092,142.90011561988985,142.90110732100462,142.90326952187746,142.90028338981034,0.0,-0.002155087163572489,-0.0015274472320574955,-0.0006276399315149933,0.0,0.0,0.0,0.0,0.0,142.9045,0.00510417785711548,142.91470835571425,142.89429164428577,0.0001428696187207642,0.27959231995953343,0.8912142857142857,138.06763285024155,6.997900629812648e-05,0.006997900629812648,1
2025-03-24 14:46:50.397,SOLUSDT,142.9,0.037,binance,0.7777777777779181,0.0009483809781872376,142.9,142.9,142.904,142.909,142.90007707992658,142.90090598991287,142.9029581388415,142.90027227648443,0.0,-0.0021239147642120315,-0.0016467407384884029,-0.00047717402572362865,0.0,0.0,0.0,0.0,0.0,142.904,0.005026246901282398,142.91405249380256,142.89394750619743,0.00014068876732017938,0.3010443936323818,0.8899285714285714,137.80135004821602,6.997900629812648e-05,0.006997900629812648,1
2025-03-24 14:46:50.397,SOLUSDT,142.9,0.037,binance,0.7777777777779181,0.0009483809781872376,142.9,142.9,142.9035,142.90879999999999,142.90005138661772,142.90074126447416,142.9026764113328,142.90026159897522,0.0,-0.0020752877873633224,-0.001732450148263387,-0.00034283763909993543,0.0,0.0,0.0,0.0,0.0,142.9035,0.00489360485110505,142.91328720970222,142.8937127902978,0.00013697648696092782,0.3211952074955534,0.8855000000000001,137.80135004821602,6.997900629812648e-05,0.006997900629812648,1
2025-03-24 14:46:50.397,SOLUSDT,142.9,0.053,binance,0.7777777777779181,0.001381926568215689,142.9,142.9,142.90300000000002,142.9086,142.90003425774515,142.9006064891152,142.9024215150154,142.9002513401919,0.0,-0.002013539725311375,-0.0017886680636729846,-0.00022487166163839053,0.0,0.0,0.0,0.0,0.0,142.90300000000002,0.004701623461677447,142.91240324692336,142.89359675307668,0.00013160321229562928,0.34048063267552875,0.4115714285714286,135.70750237416905,6.997900629812648e-05,0.006997900629812648,1
2025-03-24 14:46:50.496,SOLUSDT,142.91,0.037,binance,0.8888888888889591,0.0009483809781872376,142.902,142.901,142.9015,142.908,142.90334010029537,142.9020899648306,142.90257502922302,142.90060633027596,100.0,-0.000899274841742681,-0.0016350873842382646,0.0007358125424955836,0.009999999999990905,0.006997900629812648,0.006997900629812648,0.006997900629812648,0.006997900629812648,142.9015,0.0036634754876209044,142.90882695097525,142.89417304902474,0.00010254547328411432,1.0800502848118352,0.3023571428571428,137.81099324975892,0.0,0.0,0
2025-03-24 14:46:50.496,SOLUSDT,142.91,0.045,binance,0.8888888888889591,0.0011651537732014633,142.904,142.902,142.9015,142.908,142.9055600668636,142.90352815304323,142.90328216929703,142.90097470948083,100.0,-0.00019756303467488578,-0.0013475825143255888,0.001150019479650703,0.0,0.0,0.0,0.006997900629812648,0.006997900629812648,142.9015,0.0036634754876209044,142.90882695097525,142.89417304902474,0.00010254547328411432,1.0800502848118352,0.3029285714285714,136.755980861244,0.0,0.0,0
2025-03-24 14:46:50.496,SOLUSDT,142.91,0.037,binance,0.8888888888889591,0.0009483809781872376,142.906,142.903,142.9015,142.908,142.90704004457572,142.90470485248989,142.90392196269732,142.90132864244237,100.0,0.00035446260375238126,-0.0010071734907099949,0.0013616360944623761,0.0,0.0,0.0,0.006997900629812648,0.006997900629812648,142.9015,0.0036634754876209044,142.90882695097525,142.89417304902474,0.00010254547328411432,1.0800502848118352,0.3005,137.81099324975892,0.0,0.0,0
2025-03-24 14:46:50.496,SOLUSDT,142.91,0.062,binance,0.8888888888889591,0.0016257959626066931,142.908,142.90400000000002,142.902,142.9078,142.9080266963838,142.90566760658263,142.90450082339282,142.90166869567992,100.0,0.0007829218634469726,-0.0006491544198786014,0.001432076283325574,0.0,0.0,0.0,0.0,0.006997900629812648,142.902,0.004103913410417303,142.91020782682082,142.89379217317915,0.00011487350521107218,0.9873397169943356,0.3022857142857143,134.5668549905838,0.0,0.0,0
2025-03-24 14:46:50.496,SOLUSDT,142.91,0.035,binance,0.8888888888889591,0.0008941877794336813,142.91,142.905,142.9025,142.9076,142.90868446425588,142.9064553144767,142.90502455449828,142.9019954134964,100.0,0.001109687131162218,-0.0002973861096704375,0.0014070732408326555,0.0,0.0,0.0,0.0,0.006997900629812648,142.9025,0.00444261658513742,142.91138523317028,142.89361476682973,0.00012435378205805135,0.922048575218244,0.30214285714285716,138.07729468599035,-6.997410957942929e-05,-0.006997410957942929,-1
2025-03-24 14:46:50.496,SOLUSDT,142.91,0.037,binance,0.8888888888889591,0.0009483809781872376,142.91,142.906,142.903,142.9074,142.9091229761706,142.90709980275363,142.90549840645082,142.90230931884946,100.0,0.0013530537980841473,3.270187188047943e-05,0.0013203519262036678,0.0,0.0,0.0,0.0,0.0,142.903,0.004701623461677447,142.91240324692333,142.89359675307665,0.0001316032122956293,0.8722118570889217,0.30214285714285716,137.81099324975892,0.0,0.0,0
2025-03-24 14:46:50.496,SOLUSDT,142.91,0.053,binance,0.8888888888889591,0.001381926568215689,142.91,142.907,142.90349999999998,142.9072,142.90941531744707,142.90762711134386,142.905927129646,142.9026109141887,100.0,0.001528306271609381,0.00033182275182625973,0.0011964835197831212,0.0,0.0,0.0,0.0,0.0,142.90349999999998,0.00489360485110505,142.9132872097022,142.89371279029777,0.00013697648696092785,0.8320660432231659,0.041357142857142856,135.7169990503324,-6.997410957942929e-05,-0.006997410957942929,-1
2025-03-24 14:46:50.761,SOLUSDT,142.91,1.0,binance,0.8888888888889591,0.027042406178024662,142.91,142.908,142.90400000000002,142.90699999999998,142.9096102116314,142.90805854564496,142.90631502206065,142.9029006822597,100.0,0.0016481957449343554,0.0005950973504478789,0.0010530983944864766,0.0,0.0,0.0,0.0,0.0,142.90400000000002,0.005026246901282398,142.9140524938026,142.89394750619746,0.00014068876732017935,0.7984334095507205,0.11028571428571429,71.455,-6.997410957942929e-05,-0.006997410957942929,-1
2025-03-24 14:46:50.961,SOLUSDT,142.91,0.053,binance,0.8888888888889591,0.001381926568215689,142.91,142.909,142.9045,142.90679999999998,142.9097401410876,142.90841153734587,142.9066659723406,142.90317908687697,100.0,0.001723343386487386,0.0008207465576557803,0.0009025968288316056,0.0,0.0,0.0,0.0,0.0,142.9045,0.00510417785711548,142.91470835571425,142.89429164428577,0.0001428696187207642,0.7693871644926662,0.11142857142857143,135.7169990503324,0.0,0.0,0
2025-03-24 14:46:50.961,SOLUSDT,142.91,6.741,binance,0.8888888888889591,0.1826039832001084,142.91,142.91,142.905,142.9066,142.90982676072508,142.9087003487375,142.90698349878434,142.90344657366612,100.0,0.001762580502969513,0.0010091133467185268,0.0007534671562509862,0.0,0.0,0.0,0.0,0.0,142.905,0.0051298917622100305,142.91525978352442,142.89474021647558,0.00014358886707138664,0.7436698585352931,0.5902857142857142,18.461439090556777,-6.997410957942929e-05,-0.006997410957942929,-1
2025-03-24 14:46:50.961,SOLUSDT,142.91,0.037,binance,0.8888888888889591,0.0009483809781872376,142.91,142.91,142.9055,142.9066,142.90988450715005,142.90893664896703,142.9072707846144,142.90370357077725,100.0,0.0017732354460520128,0.0011619377665852242,0.0006112976794667886,0.0,0.0,0.0,0.0,0.0,142.9055,0.005104177857151855,142.9157083557143,142.8952916442857,0.00014286861897264372,0.7204076800392393,0.5891428571428572,137.81099324975892,0.0,0.0,0
2025-03-24 14:46:50.961,SOLUSDT,142.91,8.154,binance,0.8888888888889591,0.22089147811949603,142.91,142.91,142.906,142.9066,142.9099230047667,142.90912998551846,142.90753070988924,142.9039504895703,100.0,0.001761375524580444,0.0012818253181842683,0.0004795502063961758,0.0,0.0,0.0,0.0,0.0,142.906,0.005026246901358474,142.9160524938027,142.8959475061973,0.00014068679835281325,0.6989556063648057,1.1689285714285715,15.61175442429539,-6.997410957942929e-05,-0.006997410957942929,-1
2025-03-24 14:46:51.040,SOLUSDT,142.91,1.123,binance,0.8888888888889591,0.030375287901368384,142.91,142.91,142.9065,142.9066,142.90994866984448,142.90928816996964,142.907765880376,142.9041877252734,100.0,0.001732010907772974,0.0013718624361020097,0.00036014847167096424,0.0,0.0,0.0,0.0,0.0,142.9065,0.0048936048512213705,142.91628720970243,142.89671279029756,0.00013697361145137345,0.6788047925002927,1.2465,67.31512011304757,0.0,0.0,0
2025-03-24 14:46:51.040,SOLUSDT,142.91,0.037,binance,0.8888888888889591,0.0009483809781872376,142.91,142.91,142.90699999999998,142.9066,142.90996577989634,142.90941759361152,142.90797865367352,142.90441565761563,100.0,0.0016892664255294676,0.0014353432339875012,0.0002539231915419664,0.0,0.0,0.0,0.0,0.0,142.90699999999998,0.004701623461837756,142.91640324692366,142.8975967530763,0.00013159952869603615,0.6595193673186854,1.2464999999999997,137.81099324975892,0.0,0.0,0
2025-03-24 14:46:51.268,SOLUSDT,142.9,3.711,binance,0.7777777777779181,0.10050128708847042,142.908,142.909,142.9095,142.90640000000002,142.90666658851967,142.908153112128,142.9085971599912,142.90654333628592,0.0,-5.317948978245113e-05,0.0008059465170217904,-0.0008591260068042415,-0.009999999999990905,-0.006997410957942929,-0.006997410957942929,-0.006997410957942929,-0.006997410957942929,142.9095,0.0022360679819133306,142.91397213596383,142.90502786403619,6.258696537071532e-05,-0.5621322872171142,0.29999999999999993,30.33326257694757,6.997900629812648e-05,0.006997900629812648,1
2025-03-24 14:46:51.356,SOLUSDT,142.91,0.122,binance,0.8888888888889591,0.0032515919252133862,142.908,142.909,142.9095,142.9064,142.90777772567978,142.90848890992288,142.90873076380154,142.90667889172568,50.0,7.939376561694189e-05,0.0006606359667408208,-0.0005812422011238789,0.009999999999990905,0.006997900629812648,0.006997900629812648,0.0,0.0,142.9095,0.0022360679819133306,142.91397213596383,142.90502786403619,6.258696537071532e-05,0.5559016993258786,0.3060714285714286,127.37076648841355,-6.997410957942929e-05,-0.006997410957942929,-1
